FA_SLMAS,slcode,varchar,8,NULL,NULL,NO
FA_SLMAS,slname,varchar,250,NULL,NULL,YES
FA_SLMAS,abbr,varchar,5,NULL,NULL,YES
FA_SLMAS,add1,varchar,250,NULL,NULL,YES
FA_SLMAS,add2,varchar,250,NULL,NULL,YES
FA_SLMAS,add3,varchar,50,NULL,NULL,YES
FA_SLMAS,city,varchar,50,NULL,NULL,YES
FA_SLMAS,pin,varchar,50,NULL,NULL,YES
FA_SLMAS,state,varchar,50,NULL,NULL,YES
FA_SLMAS,country,varchar,30,NULL,NULL,YES
FA_SLMAS,phone1,varchar,30,NULL,NULL,YES
FA_SLMAS,phone2,varchar,30,NULL,NULL,YES
FA_SLMAS,email,varchar,50,NULL,NULL,YES
FA_SLMAS,telegram,varchar,30,NULL,NULL,YES
FA_SLMAS,webaddr,varchar,40,NULL,NULL,YES
FA_SLMAS,fax,varchar,20,NULL,NULL,YES
FA_SLMAS,crlimit,decimal,NULL,15,3,YES
FA_SLMAS,bankadd1,varchar,30,NULL,NULL,YES
FA_SLMAS,bankadd2,varchar,30,NULL,NULL,YES
FA_SLMAS,carcode,varchar,4,NULL,NULL,YES
FA_SLMAS,areacode,varchar,4,NULL,NULL,YES
FA_SLMAS,pay_terms,varchar,70,NULL,NULL,YES
FA_SLMAS,crddays,decimal,NULL,3,0,YES
FA_SLMAS,tngst,varchar,30,NULL,NULL,YES
FA_SLMAS,tngstdt,datetime,NULL,NULL,NULL,YES
FA_SLMAS,cgstdt,datetime,NULL,NULL,NULL,YES
FA_SLMAS,cgst,varchar,30,NULL,NULL,YES
FA_SLMAS,ecc,varchar,20,NULL,NULL,YES
FA_SLMAS,pan,varchar,20,NULL,NULL,YES
FA_SLMAS,trn_debt,char,1,NULL,NULL,YES
FA_SLMAS,contper,varchar,30,NULL,NULL,YES
FA_SLMAS,contdesg,varchar,30,NULL,NULL,YES
FA_SLMAS,contphone,varchar,30,NULL,NULL,YES
FA_SLMAS,prtytyp,varchar,2,NULL,NULL,YES
FA_SLMAS,BRCODE,varchar,7,NULL,NULL,YES
FA_SLMAS,tax_code,varchar,3,NULL,NULL,YES
FA_SLMAS,insper,decimal,NULL,5,2,YES
FA_SLMAS,DISC_PER,decimal,NULL,5,2,YES
FA_SLMAS,CDISC_PER,decimal,NULL,5,2,YES
FA_SLMAS,passwd,varchar,10,NULL,NULL,YES
FA_SLMAS,stcode,numeric,NULL,1,0,YES
FA_SLMAS,PAYMODE,tinyint,NULL,3,0,YES
FA_SLMAS,PARTY_TYPE,varchar,2,NULL,NULL,YES
FA_SLMAS,RANGE,varchar,50,NULL,NULL,YES
FA_SLMAS,DIVISION,varchar,50,NULL,NULL,YES
FA_SLMAS,AGENT_CODE,varchar,6,NULL,NULL,YES
FA_SLMAS,CARRIER_CODE,varchar,4,NULL,NULL,YES
FA_SLMAS,RC_NO,varchar,15,NULL,NULL,YES
FA_SLMAS,COLLECTORATE,varchar,25,NULL,NULL,YES
FA_SLMAS,AC_SL,varchar,6,NULL,NULL,YES
FA_SLMAS,INSPECT,char,1,NULL,NULL,YES
FA_SLMAS,APPROVE,char,1,NULL,NULL,YES
FA_SLMAS,GROUPCODE,varchar,2,NULL,NULL,YES
FA_SLMAS,state_code,varchar,3,NULL,NULL,YES
FA_SLMAS,TINNO,varchar,50,NULL,NULL,YES
FA_SLMAS,TINDT,varchar,15,NULL,NULL,YES
FA_SLMAS,odper,decimal,NULL,5,2,YES
FA_SLMAS,self,char,1,NULL,NULL,YES
FA_SLMAS,COMM_TYPE,char,1,NULL,NULL,YES
FA_SLMAS,COMM_PER,numeric,NULL,5,3,YES
FA_SLMAS,org_type,varchar,3,NULL,NULL,YES
FA_SLMAS,OFF_ADD1,varchar,70,NULL,NULL,YES
FA_SLMAS,OFF_ADD2,varchar,70,NULL,NULL,YES
FA_SLMAS,OFF_ADD3,varchar,70,NULL,NULL,YES
FA_SLMAS,OFF_CITY,varchar,70,NULL,NULL,YES
FA_SLMAS,OFF_PIN,varchar,12,NULL,NULL,YES
FA_SLMAS,OFF_STATE,varchar,25,NULL,NULL,YES
FA_SLMAS,OFF_COUNTRY,varchar,30,NULL,NULL,YES
FA_SLMAS,OFF_PHONE1,varchar,40,NULL,NULL,YES
FA_SLMAS,OFF_PHONE2,varchar,30,NULL,NULL,YES
FA_SLMAS,OFF_EMAIL,varchar,40,NULL,NULL,YES
FA_SLMAS,OFF_TELEGRAM,varchar,30,NULL,NULL,YES
FA_SLMAS,OFF_WEBSITE,varchar,40,NULL,NULL,YES
FA_SLMAS,OFF_FAX,varchar,40,NULL,NULL,YES
FA_SLMAS,OFF_CONTPER,varchar,30,NULL,NULL,YES
FA_SLMAS,OFF_contdesg,varchar,30,NULL,NULL,YES
FA_SLMAS,OFF_CONTPHONE,varchar,30,NULL,NULL,YES
FA_SLMAS,OFF_SSINO,varchar,30,NULL,NULL,YES
FA_SLMAS,OFF_MICRONO,varchar,30,NULL,NULL,YES
FA_SLMAS,default_Add,varchar,100,NULL,NULL,YES
FA_SLMAS,grp,varchar,1,NULL,NULL,YES
FA_SLMAS,COURIERTHROUGH,nvarchar,100,NULL,NULL,YES
FA_SLMAS,BANKACNO,varchar,50,NULL,NULL,YES
FA_SLMAS,IFSCCODE,varchar,50,NULL,NULL,YES
FA_SLMAS,USERID,varchar,15,NULL,NULL,YES
FA_SLMAS,CustGrp,varchar,8,NULL,NULL,YES
FA_SLMAS,CRLimitflg,varchar,2,NULL,NULL,YES
FA_SLMAS,ptype,varchar,2,NULL,NULL,YES
FA_SLMAS,OLDSLCODE,varchar,8,NULL,NULL,YES
FA_SLMAS,email2,varchar,50,NULL,NULL,YES
FA_SLMAS,ACTYPE,varchar,10,NULL,NULL,YES
FA_SLMAS,user_name,varchar,35,NULL,NULL,YES
FA_SLMAS,password,varchar,10,NULL,NULL,YES
FA_SLMAS,UserType,char,1,NULL,NULL,YES
FA_SLMAS,isactive,varchar,1,NULL,NULL,YES
FA_SLMAS,gstinno,varchar,15,NULL,NULL,YES
FA_SLMAS,gststatecode,varchar,2,NULL,NULL,YES
FA_SLMAS,supptype,varchar,1,NULL,NULL,YES
FA_SLMAS,CRDDAYS2,decimal,NULL,3,0,YES
FA_SLMAS,SubRegionCode,varchar,5,NULL,NULL,YES
FA_SLMAS,rate_type,varchar,20,NULL,NULL,YES
FA_SLMAS,Region,varchar,5,NULL,NULL,YES
FA_SLMAS,zonecode,varchar,2,NULL,NULL,YES
FA_SLMAS,mod_date,datetime,NULL,NULL,NULL,YES
FA_SLMAS,mod_user,varchar,20,NULL,NULL,YES
FA_SLMAS,ipaddr,varchar,20,NULL,NULL,YES
FA_SLMAS,hostname,varchar,20,NULL,NULL,YES
FA_SLMAS,mod_form,varchar,20,NULL,NULL,YES
FA_SLMAS,mod_username,varchar,20,NULL,NULL,YES
FA_SLMAS,scanfilename,varchar,200,NULL,NULL,YES
FA_SLMAS,active,char,1,NULL,NULL,YES
FA_SLMAS,TDS_TCS_Flg,char,1,NULL,NULL,YES
FA_SLMAS,CR_DaysLock,tinyint,NULL,3,0,YES
FA_SLMAS,PolicyNo,varchar,30,NULL,NULL,YES
FA_SLMAS,PeriodFDt,datetime,NULL,NULL,NULL,YES
FA_SLMAS,PeriodTDt,datetime,NULL,NULL,NULL,YES
FA_SLMAS,TDS_TCS_Cal_Flg,char,1,NULL,NULL,YES
FA_SLMAS,TypeofEnterprise,varchar,2,NULL,NULL,YES
FA_SLMAS,MSME_GroupType,varchar,2,NULL,NULL,YES
FA_SLMAS,MSME_Group,varchar,2,NULL,NULL,YES
FA_SLMAS,UAM,varchar,13,NULL,NULL,YES
FA_SLMAS,GSTORPAN_File,varchar,40,NULL,NULL,YES
FA_SLMAS,MSME_CERTIFICATE_File,varchar,40,NULL,NULL,YES
FA_SLMAS,branch_name,varchar,25,NULL,NULL,YES
FA_SLMAS,Cheque_Favour,varchar,55,NULL,NULL,YES
FA_SLMAS,Internal_EMailID,varchar,20,NULL,NULL,YES
FA_SLMAS,TANNO,varchar,10,NULL,NULL,YES
FA_SLMAS,Short_Name,varchar,16,NULL,NULL,YES
FA_SLMAS,MailSend,char,1,NULL,NULL,YES
FA_SLMAS,isautomailflg,char,2,NULL,NULL,YES
FA_SLMAS,CIN,varchar,21,NULL,NULL,YES
FA_SLMAS,CSM_Slcode,varchar,10,NULL,NULL,YES
FA_SLMAS,CSM_SlName,varchar,250,NULL,NULL,YES
FA_SLMAS,IsIntUnitTrans,tinyint,NULL,3,0,YES
FA_SLMAS,IntUnitGL,varchar,6,NULL,NULL,YES
IN_DEP,DEPCODE,varchar,3,NULL,NULL,NO
IN_DEP,DEPNAME,varchar,30,NULL,NULL,NO
IN_DEP,SEQNO,numeric,NULL,2,0,YES
IN_DEP,CCCODE,varchar,5,NULL,NULL,YES
IN_DEP,divcode,varchar,2,NULL,NULL,NO
IN_DEP,unitCode,varchar,2,NULL,NULL,YES
IN_DEP,dep_grp,varchar,2,NULL,NULL,YES
IN_DEP,substore,char,1,NULL,NULL,YES
IN_DEP,active,char,1,NULL,NULL,YES
IN_DEP,dgroup,varchar,15,NULL,NULL,YES
IN_DEP,dgrpname,varchar,100,NULL,NULL,YES
IN_ITEM,ITEMCODE,varchar,10,NULL,NULL,NO
IN_ITEM,ITEMNAME,varchar,70,NULL,NULL,NO
IN_ITEM,ITEMSPEC1,varchar,150,NULL,NULL,YES
IN_ITEM,ITEMSPEC2,varchar,150,NULL,NULL,YES
IN_ITEM,ITEMSPEC3,varchar,150,NULL,NULL,YES
IN_ITEM,UOM,varchar,3,NULL,NULL,NO
IN_ITEM,CUOM,varchar,3,NULL,NULL,NO
IN_ITEM,UOMQTY,numeric,NULL,12,3,YES
IN_ITEM,CUOMQTY,numeric,NULL,12,3,YES
IN_ITEM,MATYPE,char,1,NULL,NULL,YES
IN_ITEM,AUTOMRP,char,1,NULL,NULL,YES
IN_ITEM,CATCODE,varchar,1,NULL,NULL,YES
IN_ITEM,CATFLG,tinyint,NULL,3,0,YES
IN_ITEM,CATLNO,varchar,25,NULL,NULL,YES
IN_ITEM,MACNO,varchar,5,NULL,NULL,YES
IN_ITEM,MAXLEVEL,numeric,NULL,12,3,YES
IN_ITEM,MINLEVEL,decimal,NULL,12,3,YES
IN_ITEM,RORDLEVEL,numeric,NULL,12,3,YES
IN_ITEM,RORDQTY,decimal,NULL,12,3,YES
IN_ITEM,RATE,numeric,NULL,15,5,YES
IN_ITEM,CURSTK,decimal,NULL,20,3,YES
IN_ITEM,PHYSTK,decimal,NULL,12,3,YES
IN_ITEM,LRECPTDT,datetime,NULL,NULL,NULL,YES
IN_ITEM,LISSUEDT,datetime,NULL,NULL,NULL,YES
IN_ITEM,ABCFLG,char,1,NULL,NULL,YES
IN_ITEM,FSNFLG,char,1,NULL,NULL,YES
IN_ITEM,LOCATION,varchar,15,NULL,NULL,YES
IN_ITEM,HIGHSTK,numeric,NULL,11,3,YES
IN_ITEM,HIGHDATE,datetime,NULL,NULL,NULL,YES
IN_ITEM,LOWSTK,numeric,NULL,11,3,YES
IN_ITEM,LOWDATE,datetime,NULL,NULL,NULL,YES
IN_ITEM,UDELYTOL,numeric,NULL,12,3,YES
IN_ITEM,ODELFLG,char,1,NULL,NULL,YES
IN_ITEM,ODELTOL,numeric,NULL,12,3,YES
IN_ITEM,LEVYTAX,numeric,NULL,12,2,YES
IN_ITEM,FREITINS,numeric,NULL,12,2,YES
IN_ITEM,qcstock,numeric,NULL,12,3,YES
IN_ITEM,rejstk,numeric,NULL,12,3,YES
IN_ITEM,INDENTREQ,char,1,NULL,NULL,YES
IN_ITEM,VALUED,char,1,NULL,NULL,YES
IN_ITEM,DEADSTOCK,char,1,NULL,NULL,YES
IN_ITEM,SUBSTOREITEM,char,1,NULL,NULL,YES
IN_ITEM,LIFETYPE,char,1,NULL,NULL,YES
IN_ITEM,LIFESPAN,numeric,NULL,3,0,YES
IN_ITEM,GODCODE,varchar,2,NULL,NULL,YES
IN_ITEM,ITEMIMAGE,image,2147483647,NULL,NULL,YES
IN_ITEM,dutycat,char,1,NULL,NULL,YES
IN_ITEM,frequency,char,1,NULL,NULL,YES
IN_ITEM,dutydocno,varchar,8,NULL,NULL,YES
IN_ITEM,PREORDNO,numeric,NULL,6,0,YES
IN_ITEM,PREPRICE,numeric,NULL,15,2,YES
IN_ITEM,MON3LORDNO,numeric,NULL,6,0,YES
IN_ITEM,MON3LPRICE,numeric,NULL,15,2,YES
IN_ITEM,MON12LORDNO,numeric,NULL,6,0,YES
IN_ITEM,MON12LPRICE,numeric,NULL,15,2,YES
IN_ITEM,DRAWNO,varchar,25,NULL,NULL,YES
IN_ITEM,SELFLIFE,char,1,NULL,NULL,YES
IN_ITEM,MAKPARTNO,varchar,20,NULL,NULL,YES
IN_ITEM,PARTNO,varchar,20,NULL,NULL,YES
IN_ITEM,APMFlag,varchar,1,NULL,NULL,YES
IN_ITEM,Lncode,varchar,12,NULL,NULL,YES
IN_ITEM,ImagePath,varchar,200,NULL,NULL,YES
IN_ITEM,COM_CODE,varchar,20,NULL,NULL,YES
IN_ITEM,prispec,varchar,300,NULL,NULL,YES
IN_ITEM,OpQty,numeric,NULL,15,3,YES
IN_ITEM,OpVal,numeric,NULL,15,2,YES
IN_ITEM,Critical_Item,char,10,NULL,NULL,YES
IN_ITEM,Insp_Type_Code,varchar,6,NULL,NULL,YES
IN_ITEM,sgrpcode,varchar,3,NULL,NULL,YES
IN_ITEM,old_itemcode,varchar,7,NULL,NULL,YES
IN_ITEM,TEMP_DIVCODE,varchar,2,NULL,NULL,YES
IN_ITEM,flag,char,1,NULL,NULL,YES
IN_ITEM,essflag,char,1,NULL,NULL,YES
IN_ITEM,scrap_Item,varchar,1,NULL,NULL,YES
IN_ITEM,suom,varchar,3,NULL,NULL,YES
IN_ITEM,iWEIGHT,decimal,NULL,12,3,YES
IN_ITEM,hsncode,varchar,8,NULL,NULL,YES
IN_ITEM,cgst_per,numeric,NULL,6,2,YES
IN_ITEM,sgst_per,numeric,NULL,6,2,YES
IN_ITEM,igst_per,numeric,NULL,6,2,YES
IN_ITEM,gsttaxcode,varchar,3,NULL,NULL,YES
IN_ITEM,IsItemActive,tinyint,NULL,3,0,YES
IN_ITEM,MACHINEMAKE_ID,varchar,15,NULL,NULL,YES
IN_ITEM,MODEL,varchar,25,NULL,NULL,YES
IN_ITEM,MACHINEMAKEID,varchar,15,NULL,NULL,YES
IN_ITEM,MODELID,varchar,25,NULL,NULL,YES
IN_PARA,APER,decimal,NULL,2,0,YES
IN_PARA,BPER,decimal,NULL,2,0,YES
IN_PARA,FTIMES,decimal,NULL,2,0,YES
IN_PARA,STIMES,decimal,NULL,2,0,YES
IN_PARA,XPER,decimal,NULL,2,0,YES
IN_PARA,YPER,decimal,NULL,2,0,YES
IN_PARA,GTFRITC,numeric,NULL,2,0,YES
IN_PARA,GTFROTC,numeric,NULL,2,0,YES
IN_PARA,FAINSTAL,char,1,NULL,NULL,NO
IN_PARA,FATFR,char,1,NULL,NULL,NO
IN_PARA,FATC,numeric,NULL,2,0,YES
IN_PARA,rg23a,varchar,2,NULL,NULL,YES
IN_PARA,rg23c,varchar,2,NULL,NULL,YES
IN_PARA,BUDREQ,char,1,NULL,NULL,YES
IN_PARA,FaDbtc,numeric,NULL,3,0,YES
IN_PARA,PoRdays,numeric,NULL,5,0,YES
IN_PARA,RecTcFrom,numeric,NULL,5,0,YES
IN_PARA,RecTcTo,numeric,NULL,5,0,YES
IN_PARA,MIBRTC,numeric,NULL,5,0,YES
IN_PARA,MIBITC,numeric,NULL,5,0,YES
IN_PARA,IssTcFrom,numeric,NULL,5,0,YES
IN_PARA,IssTcTo,numeric,NULL,5,0,YES
IN_PARA,RecRetTcFrom,numeric,NULL,5,0,YES
IN_PARA,RecRetTcTo,numeric,NULL,5,0,YES
IN_PARA,IssRetTcFrom,numeric,NULL,5,0,YES
IN_PARA,IssRetTcTo,numeric,NULL,5,0,YES
IN_PARA,UnitTransInTcFrom,numeric,NULL,5,0,YES
IN_PARA,UnitTransInTcTo,numeric,NULL,5,0,YES
IN_PARA,UnitTransOutTcFrom,numeric,NULL,5,0,YES
IN_PARA,UnitTransOutTcTo,numeric,NULL,5,0,YES
IN_PARA,AdjPlusTcFrom,numeric,NULL,5,0,YES
IN_PARA,AdjPlusTcTo,numeric,NULL,5,0,YES
IN_PARA,AdjMinTcFrom,numeric,NULL,5,0,YES
IN_PARA,AdjMinTcTo,numeric,NULL,5,0,YES
IN_PARA,UsedItemTransTcFrom,numeric,NULL,5,0,YES
IN_PARA,UsedItemTransTcTo,numeric,NULL,5,0,YES
IN_PARA,MiscTcFrom,numeric,NULL,5,0,YES
IN_PARA,MiscTcTo,numeric,NULL,5,0,YES
IN_PARA,vatgl,varchar,6,NULL,NULL,YES
IN_PARA,vatgl2,varchar,6,NULL,NULL,YES
IN_PARA,vatflg,char,1,NULL,NULL,YES
IN_PARA,MIBENABLE,varchar,1,NULL,NULL,YES
IN_PARA,Cenvatflg,char,1,NULL,NULL,YES
IN_PARA,CenvatGL,varchar,6,NULL,NULL,YES
IN_PARA,Cenvatgl2,varchar,6,NULL,NULL,YES
IN_PARA,PackItmGrp,varchar,5,NULL,NULL,YES
IN_PARA,MOVELINKFLG,char,1,NULL,NULL,YES
IN_PARA,ASSETCAT,varchar,1,NULL,NULL,YES
IN_PARA,servicebilltc,numeric,NULL,5,0,YES
IN_PARA,GRNWITHIND,char,1,NULL,NULL,YES
IN_PARA,CashPurCode,varchar,5,NULL,NULL,YES
IN_PARA,Bill_Issue_Flg,char,1,NULL,NULL,YES
IN_PARA,Job_Print_Flg,char,1,NULL,NULL,YES
IN_PARA,Iss_Print_Flg,char,1,NULL,NULL,YES
IN_PARA,Inspection_Flg,char,1,NULL,NULL,YES
IN_PARA,bill_additionaltax,char,2,NULL,NULL,YES
IN_PARA,Div_ItemStock,char,1,NULL,NULL,YES
IN_PARA,BillEntryApp_Flg,char,1,NULL,NULL,YES
IN_PARA,iss_req_cl_days,numeric,NULL,3,0,YES
IN_PARA,Tr_FromDate,datetime,NULL,NULL,NULL,YES
IN_PARA,Tr_toDate,datetime,NULL,NULL,NULL,YES
IN_PARA,TransOUTgl,varchar,7,NULL,NULL,YES
IN_PARA,TransINgl,varchar,7,NULL,NULL,YES
IN_PARA,TransTC,varchar,7,NULL,NULL,YES
IN_PARA,GRNAutoSMS,char,1,NULL,NULL,YES
IN_PARA,GRNAutoSMSflg,char,1,NULL,NULL,YES
IN_PARA,job_cl_days,numeric,NULL,5,0,YES
IN_PARA,outpassNoGen,char,1,NULL,NULL,YES
IN_PARA,EveSnacksRate,numeric,NULL,7,2,YES
IN_PARA,EveSnacksCat,varchar,20,NULL,NULL,YES
IN_PARA,EveSnacksType,varchar,20,NULL,NULL,YES
IN_PARA,DEPTCODE,varchar,20,NULL,NULL,YES
IN_PARA,Dieselcode,varchar,7,NULL,NULL,YES
IN_PARA,article,varchar,2,NULL,NULL,YES
IN_PARA,FIFO,varchar,1,NULL,NULL,YES
IN_PARA,wpoamt,decimal,NULL,15,2,YES
IN_PARA,starch,varchar,3,NULL,NULL,YES
IN_PARA,chemicals,varchar,3,NULL,NULL,YES
IN_PARA,Dyes,varchar,3,NULL,NULL,YES
IN_PARA,Fuel,varchar,3,NULL,NULL,YES
IN_PARA,RCMDBGL,varchar,6,NULL,NULL,YES
IN_PARA,RCMCGSTGL,varchar,6,NULL,NULL,YES
IN_PARA,RCMSGSTGL,varchar,6,NULL,NULL,YES
IN_PARA,RCMIGSTGL,varchar,6,NULL,NULL,YES
IN_PARA,RCMCGSTGL_DBT,varchar,6,NULL,NULL,YES
IN_PARA,RCMSGSTGL_DBT,varchar,6,NULL,NULL,YES
IN_PARA,RCMIGSTGL_DBT,varchar,6,NULL,NULL,YES
IN_PARA,PurTypeFlg,int,NULL,10,0,YES
IN_PARA,Issuereq,varchar,2,NULL,NULL,YES
IN_PARA,StkDRGL,varchar,10,NULL,NULL,YES
IN_PARA,StkCRGL,varchar,10,NULL,NULL,YES
IN_PARA,serpo_billlink,varchar,10,NULL,NULL,YES
IN_PARA,billvalue,varchar,10,NULL,NULL,YES
IN_PARA,tcsflg,varchar,10,NULL,NULL,YES
IN_PARA,tcs_per,numeric,NULL,15,4,YES
IN_PARA,webreportlink,varchar,100,NULL,NULL,YES
IN_PARA,penpodetails,varchar,20,NULL,NULL,YES
IN_PARA,serviceporate,varchar,20,NULL,NULL,YES
IN_PARA,tcs_value,decimal,NULL,9,0,YES
IN_PARA,tcstax,varchar,25,NULL,NULL,YES
IN_PARA,indwithpo,varchar,5,NULL,NULL,YES
IN_PARA,tdsflg,varchar,5,NULL,NULL,YES
IN_PARA,tds_perpan,numeric,NULL,15,3,YES
IN_PARA,tds_wopan,numeric,NULL,15,3,YES
IN_PARA,tds_value,numeric,NULL,15,2,YES
IN_PARA,tdstype,varchar,25,NULL,NULL,YES
IN_PARA,MsAccs_Tran_Flg,varchar,50,NULL,NULL,YES
IN_PARA,MsAcs_Path,varchar,50,NULL,NULL,YES
IN_PARA,serviceweb,varchar,10,NULL,NULL,YES
IN_PARA,Tds_Rndnextrs,tinyint,NULL,3,0,YES
IN_PARA,DateDivision,varchar,5,NULL,NULL,YES
IN_PARA,gatedivision,varchar,5,NULL,NULL,YES
IN_PARA,importtds,varchar,5,NULL,NULL,YES
IN_PARA,outpassapproval,varchar,25,NULL,NULL,YES
IN_PARA,backdate,varchar,5,NULL,NULL,YES
IN_PARA,Issue_After_Bill,varchar,10,NULL,NULL,YES
IN_PARA,PartialTdscal,varchar,5,NULL,NULL,YES
IN_PARA,advancetdscalc,varchar,5,NULL,NULL,YES
IN_PARA,Lastyrmaterialreturn,varchar,5,NULL,NULL,YES
IN_PARA,scrapreturn,varchar,5,NULL,NULL,YES
IN_PARA,ScrapPwd,varchar,50,NULL,NULL,YES
IN_PARA,freightTC,varchar,5,NULL,NULL,YES
IN_PARA,Lastyrreceiptreturn,varchar,5,NULL,NULL,YES
IN_SCC,SCCCODE,numeric,NULL,6,0,NO
IN_SCC,SCCNAME,varchar,40,NULL,NULL,YES
IN_SCC,DEPCODE,varchar,5,NULL,NULL,NO
IN_SCC,mastid,int,NULL,10,0,NO
IN_SCC,Divcode,varchar,2,NULL,NULL,NO
IN_SCC,CC_Code,varchar,5,NULL,NULL,YES
IN_SCC,Consu_DrGlcode,varchar,7,NULL,NULL,YES
IN_SCC,Consu_CrGlcode,varchar,7,NULL,NULL,YES
IN_SCC,UserId,varchar,15,NULL,NULL,YES
IN_SCC,CRDate,varchar,15,NULL,NULL,YES
IN_SCC,Active,varchar,5,NULL,NULL,YES
mm_macmas,DIVCODE,varchar,2,NULL,NULL,NO
mm_macmas,DEPCODE,varchar,3,NULL,NULL,NO
mm_macmas,MAC_NO,varchar,5,NULL,NULL,NO
mm_macmas,DESCRIPTION,varchar,30,NULL,NULL,YES
mm_macmas,MODEL,varchar,20,NULL,NULL,YES
mm_macmas,MAC_CODE,varchar,5,NULL,NULL,NO
mm_macmas,ADEPCODE,varchar,2,NULL,NULL,YES
mm_macmas,CATCODE,varchar,2,NULL,NULL,YES
mm_macmas,SUBCATCODE,varchar,2,NULL,NULL,YES
mm_macmas,ASSETSNO,numeric,NULL,3,0,YES
mm_macmas,TOTCOST,numeric,NULL,12,2,YES
mm_macmas,ST_INS_FLG,char,1,NULL,NULL,NO
mm_macmas,ST_DUE_DT,datetime,NULL,NULL,NULL,YES
mm_macmas,MAC_HRRATE,numeric,NULL,8,2,YES
mm_macmas,INSTALL_DT,datetime,NULL,NULL,NULL,YES
mm_macmas,mac_refno,varchar,20,NULL,NULL,YES
mm_macmas,MACFLAG,char,1,NULL,NULL,NO
mm_macmas,temp,varchar,5,NULL,NULL,YES
mm_macmas,imagepath,varchar,200,NULL,NULL,YES
mm_macmas,MacLength,numeric,NULL,8,3,YES
mm_macmas,macWidth,numeric,NULL,8,3,YES
mm_macmas,MacAirReq,numeric,NULL,7,2,YES
mm_macmas,MacMotorKw,numeric,NULL,7,2,YES
mm_macmas,Mac_ManuFactDate,varchar,6,NULL,NULL,YES
mm_macmas,PartyCode,varchar,7,NULL,NULL,YES
mm_macmas,mac_modifyDetails,varchar,100,NULL,NULL,YES
mm_macmas,MacMake,varchar,25,NULL,NULL,YES
mm_macmas,MacSerialNo,varchar,20,NULL,NULL,YES
mm_macmas,UnitCode,varchar,2,NULL,NULL,NO
mm_macmas,Cable_Specification,varchar,20,NULL,NULL,YES
mm_macmas,ElecroValves,varchar,100,NULL,NULL,YES
mm_macmas,salesflag,char,2,NULL,NULL,YES
PO_ORDH,DIVCODE,varchar,2,NULL,NULL,NO
PO_ORDH,PORDNO,numeric,NULL,6,0,NO
PO_ORDH,PORDDT,datetime,NULL,NULL,NULL,NO
PO_ORDH,POGRP,varchar,2,NULL,NULL,NO
PO_ORDH,SLCODE,varchar,7,NULL,NULL,YES
PO_ORDH,QUOTNO,varchar,15,NULL,NULL,YES
PO_ORDH,QUOTDT,datetime,NULL,NULL,NULL,YES
PO_ORDH,ORDVAL,numeric,NULL,15,2,YES
PO_ORDH,ADV_PER,numeric,NULL,6,2,YES
PO_ORDH,ADV_AMT,numeric,NULL,15,2,YES
PO_ORDH,FRTFLG,char,1,NULL,NULL,YES
PO_ORDH,BANK_CODE,varchar,6,NULL,NULL,YES
PO_ORDH,PAYMENT,varchar,1,NULL,NULL,YES
PO_ORDH,FREIGHT,numeric,NULL,15,2,YES
PO_ORDH,DISPER,numeric,NULL,5,2,YES
PO_ORDH,TAXPER,numeric,NULL,5,2,YES
PO_ORDH,EXDPER,numeric,NULL,5,2,YES
PO_ORDH,SEDPER,numeric,NULL,5,2,YES
PO_ORDH,PCKPER,numeric,NULL,5,2,YES
PO_ORDH,INSPER,numeric,NULL,5,2,YES
PO_ORDH,SURPER,numeric,NULL,5,2,YES
PO_ORDH,MODVAT,numeric,NULL,5,2,YES
PO_ORDH,PAYTERMS,varchar,100,NULL,NULL,YES
PO_ORDH,CARCODE,varchar,4,NULL,NULL,YES
PO_ORDH,DEL_INS1,varchar,40,NULL,NULL,YES
PO_ORDH,DEL_INS2,varchar,100,NULL,NULL,YES
PO_ORDH,SPL_INS,varchar,100,NULL,NULL,YES
PO_ORDH,ORDSTATUS,char,1,NULL,NULL,YES
PO_ORDH,AMDORDNO,varchar,15,NULL,NULL,YES
PO_ORDH,AMDORDDT,datetime,NULL,NULL,NULL,YES
PO_ORDH,REFORDNO,varchar,15,NULL,NULL,YES
PO_ORDH,REFORDDT,datetime,NULL,NULL,NULL,YES
PO_ORDH,CANFLG,char,1,NULL,NULL,YES
PO_ORDH,CANDT,datetime,NULL,NULL,NULL,YES
PO_ORDH,CRDDAYS,numeric,NULL,3,0,YES
PO_ORDH,REMINDER,varchar,30,NULL,NULL,YES
PO_ORDH,REASON,varchar,80,NULL,NULL,YES
PO_ORDH,REMARKS,varchar,60,NULL,NULL,YES
PO_ORDH,SAMPLED,char,1,NULL,NULL,YES
PO_ORDH,OCTROIPER,numeric,NULL,5,2,YES
PO_ORDH,APPBY,varchar,25,NULL,NULL,YES
PO_ORDH,APPROVED,char,1,NULL,NULL,YES
PO_ORDH,INSPECT,char,1,NULL,NULL,YES
PO_ORDH,FILENO,varchar,15,NULL,NULL,YES
PO_ORDH,DELTXT,varchar,15,NULL,NULL,YES
PO_ORDH,BLCODE,varchar,2,NULL,NULL,YES
PO_ORDH,GLCODE,varchar,10,NULL,NULL,YES
PO_ORDH,GLHEAD,varchar,20,NULL,NULL,YES
PO_ORDH,discount,varchar,28,NULL,NULL,YES
PO_ORDH,tax,varchar,28,NULL,NULL,YES
PO_ORDH,BEd,varchar,28,NULL,NULL,YES
PO_ORDH,pack,varchar,28,NULL,NULL,YES
PO_ORDH,refno,varchar,100,NULL,NULL,YES
PO_ORDH,attn,varchar,100,NULL,NULL,YES
PO_ORDH,pack_charge,varchar,1,NULL,NULL,YES
PO_ORDH,EDUCESSPER,numeric,NULL,5,2,YES
PO_ORDH,EDUCESSAMT,numeric,NULL,15,2,YES
PO_ORDH,roff,numeric,NULL,5,2,YES
PO_ORDH,PACK_FLG,varchar,1,NULL,NULL,YES
PO_ORDH,FRT_FLG,varchar,1,NULL,NULL,YES
PO_ORDH,EXC_FLG,varchar,1,NULL,NULL,YES
PO_ORDH,Ins_Flg,varchar,1,NULL,NULL,YES
PO_ORDH,TAX_CODE,varchar,3,NULL,NULL,YES
PO_ORDH,duedate,datetime,NULL,NULL,NULL,YES
PO_ORDH,chqno,varchar,20,NULL,NULL,YES
PO_ORDH,chqdt,datetime,NULL,NULL,NULL,YES
PO_ORDH,Cess_Flg,varchar,1,NULL,NULL,YES
PO_ORDH,Cessper,numeric,NULL,5,2,YES
PO_ORDH,HsCessper,numeric,NULL,5,2,YES
PO_ORDH,DIRECT_INS,varchar,100,NULL,NULL,YES
PO_ORDH,PUTYPE,varchar,5,NULL,NULL,YES
PO_ORDH,CFORM,varchar,1,NULL,NULL,YES
PO_ORDH,FORMH,varchar,1,NULL,NULL,YES
PO_ORDH,FORM17,varchar,1,NULL,NULL,YES
PO_ORDH,CFORMREF,varchar,15,NULL,NULL,YES
PO_ORDH,FORMHREF,varchar,15,NULL,NULL,YES
PO_ORDH,FORM17REF,varchar,15,NULL,NULL,YES
PO_ORDH,disflg,char,1,NULL,NULL,YES
PO_ORDH,alert_raised,varchar,1,NULL,NULL,YES
PO_ORDH,FORM_TYPE,varchar,5,NULL,NULL,YES
PO_ORDH,CurrCode,varchar,3,NULL,NULL,YES
PO_ORDH,FCurRate,numeric,NULL,10,2,YES
PO_ORDH,Note,varchar,200,NULL,NULL,YES
PO_ORDH,conflg,char,1,NULL,NULL,YES
PO_ORDH,User_Id,varchar,5,NULL,NULL,YES
PO_ORDH,note2,varchar,200,NULL,NULL,YES
PO_ORDH,Billadd,varchar,10,NULL,NULL,YES
PO_ORDH,CancelCode,varchar,2,NULL,NULL,YES
PO_ORDH,ADDTAXPER,numeric,NULL,5,2,YES
PO_ORDH,ADDTAXAMT,numeric,NULL,15,2,YES
PO_ORDH,ADDTAX_CODE,varchar,5,NULL,NULL,YES
PO_ORDH,Ins_Amt,numeric,NULL,10,2,YES
PO_ORDH,Pack_Amt,numeric,NULL,10,2,YES
PO_ORDH,RefDate,datetime,NULL,NULL,NULL,YES
PO_ORDH,PoIToAC,char,1,NULL,NULL,YES
PO_ORDH,FCloseddt,datetime,NULL,NULL,NULL,YES
PO_ORDH,RemarksPF,varchar,30,NULL,NULL,YES
PO_ORDH,RemarksIns,varchar,30,NULL,NULL,YES
PO_ORDH,RemarksFrt,varchar,30,NULL,NULL,YES
PO_ORDH,PriceTerm,varchar,10,NULL,NULL,YES
PO_ORDH,FCACharg,numeric,NULL,9,2,YES
PO_ORDH,Pay_Code,varchar,5,NULL,NULL,YES
PO_ORDH,PrePrintFlg,varchar,1,NULL,NULL,YES
PO_ORDH,PrePrintUserID,varchar,10,NULL,NULL,YES
PO_ORDH,PrePrintDate,datetime,NULL,NULL,NULL,YES
PO_ORDH,aPPPrintFlg,varchar,1,NULL,NULL,YES
PO_ORDH,aPPPrintUserID,varchar,10,NULL,NULL,YES
PO_ORDH,appPrintDate,datetime,NULL,NULL,NULL,YES
PO_ORDH,Reminderflag,char,1,NULL,NULL,YES
PO_ORDH,Appip,varchar,25,NULL,NULL,YES
PO_ORDH,Appdate,datetime,NULL,NULL,NULL,YES
PO_ORDH,Appuserid,varchar,10,NULL,NULL,YES
PO_ORDH,postponedt,datetime,NULL,NULL,NULL,YES
PO_ORDH,closed_qty,varchar,20,NULL,NULL,YES
PO_ORDH,Io_qty,numeric,NULL,9,3,YES
PO_ORDH,FirstlevelApp,char,1,NULL,NULL,YES
PO_ORDH,FirstlevlAppDate,datetime,NULL,NULL,NULL,YES
PO_ORDH,FirstlevlAppUserID,varchar,20,NULL,NULL,YES
PO_ORDH,Firstlevelpostponedt,datetime,NULL,NULL,NULL,YES
PO_ORDH,CGSTAMT,numeric,NULL,15,2,YES
PO_ORDH,SGSTAMT,numeric,NULL,15,2,YES
PO_ORDH,IGSTAMT,numeric,NULL,15,2,YES
PO_ORDH,cust_gststcode,varchar,2,NULL,NULL,YES
PO_ORDH,cust_gstinno,varchar,15,NULL,NULL,YES
PO_ORDH,secondlevelappdate,datetime,NULL,NULL,NULL,YES
PO_ORDH,thirdlevelappdate,datetime,NULL,NULL,NULL,YES
PO_ORDH,rcm,char,1,NULL,NULL,YES
PO_ORDH,SecondLevelapp,varchar,5,NULL,NULL,YES
PO_ORDH,SecondLevelAppUserId,varchar,20,NULL,NULL,YES
PO_ORDH,SecondLevelPostPoneDt,datetime,NULL,NULL,NULL,YES
PO_ORDH,createdby,varchar,50,NULL,NULL,YES
PO_ORDH,createddt,datetime,NULL,NULL,NULL,YES
PO_ORDH,htcs_amt,numeric,NULL,15,2,YES
PO_ORDH,ThirdLevelAppUserId,varchar,20,NULL,NULL,YES
PO_ORDH,FourthLevelAppUserId,varchar,20,NULL,NULL,YES
PO_ORDH,FourthLevelAppDate,datetime,NULL,NULL,NULL,YES
PO_ORDH,thirdlevelapp,varchar,10,NULL,NULL,YES
PO_ORDH,fourthlevelapp,varchar,10,NULL,NULL,YES
PO_ORDH,advpaymenttype,varchar,10,NULL,NULL,YES
PO_ORDH,Mailsendingflg,varchar,2,NULL,NULL,YES
PO_ORDH,paytermcode,varchar,10,NULL,NULL,YES
PO_ORDH,poprintflg,varchar,5,NULL,NULL,YES
PO_ORDL,DIVCODE,varchar,2,NULL,NULL,NO
PO_ORDL,PORDNO,numeric,NULL,6,0,NO
PO_ORDL,PORDDT,datetime,NULL,NULL,NULL,NO
PO_ORDL,POGRP,varchar,2,NULL,NULL,NO
PO_ORDL,PORDSNO,numeric,NULL,5,0,NO
PO_ORDL,PRNO,numeric,NULL,6,0,YES
PO_ORDL,PRDATE,datetime,NULL,NULL,NULL,YES
PO_ORDL,PRSNO,numeric,NULL,5,0,YES
PO_ORDL,ITEMCODE,varchar,10,NULL,NULL,YES
PO_ORDL,RATE,decimal,NULL,15,4,YES
PO_ORDL,ORDQTY,numeric,NULL,12,3,YES
PO_ORDL,ORDVAL,numeric,NULL,15,2,YES
PO_ORDL,RCVDQTY,numeric,NULL,12,3,YES
PO_ORDL,CANQTY,numeric,NULL,12,3,YES
PO_ORDL,TAXPER,numeric,NULL,5,2,YES
PO_ORDL,TAXAMT,numeric,NULL,15,2,YES
PO_ORDL,EXDPER,numeric,NULL,5,2,YES
PO_ORDL,SEDPER,numeric,NULL,5,2,YES
PO_ORDL,SURPER,numeric,NULL,5,2,YES
PO_ORDL,DISPER,numeric,NULL,5,2,YES
PO_ORDL,DISAMT,numeric,NULL,15,2,YES
PO_ORDL,EXCAMT,numeric,NULL,15,2,YES
PO_ORDL,MODVAT,numeric,NULL,15,2,YES
PO_ORDL,STATUS,char,1,NULL,NULL,YES
PO_ORDL,PACKPER,numeric,NULL,5,2,YES
PO_ORDL,UNIT,varchar,3,NULL,NULL,YES
PO_ORDL,OTHCHGS,numeric,NULL,15,2,YES
PO_ORDL,REMARKS,varchar,200,NULL,NULL,YES
PO_ORDL,WEIGHT,numeric,NULL,12,3,YES
PO_ORDL,quotno,numeric,NULL,6,0,YES
PO_ORDL,quotdt,datetime,NULL,NULL,NULL,YES
PO_ORDL,OCTROIPER,numeric,NULL,5,2,YES
PO_ORDL,EDINCL,numeric,NULL,9,2,YES
PO_ORDL,EDTYPE,char,1,NULL,NULL,YES
PO_ORDL,MAKPARTNO,varchar,20,NULL,NULL,YES
PO_ORDL,BLCODE,varchar,2,NULL,NULL,YES
PO_ORDL,CESS_PER,numeric,NULL,5,2,YES
PO_ORDL,CESS_AMT,numeric,NULL,15,2,YES
PO_ORDL,CCCODE,numeric,NULL,5,0,YES
PO_ORDL,PACKAMT,numeric,NULL,11,3,YES
PO_ORDL,SURAMT,numeric,NULL,11,2,YES
PO_ORDL,attn,varchar,50,NULL,NULL,YES
PO_ORDL,ITEMMEMO,varchar,500,NULL,NULL,YES
PO_ORDL,educessper,decimal,NULL,5,2,YES
PO_ORDL,AEDAMT,numeric,NULL,15,2,YES
PO_ORDL,TAX_CODE,varchar,5,NULL,NULL,YES
PO_ORDL,ADSC_PER,numeric,NULL,5,2,YES
PO_ORDL,ADSC_AMT,numeric,NULL,15,2,YES
PO_ORDL,INS_PER,numeric,NULL,5,2,YES
PO_ORDL,INS_AMT,numeric,NULL,15,2,YES
PO_ORDL,LANDCOST,numeric,NULL,15,2,YES
PO_ORDL,EDUCESSAMT,numeric,NULL,15,2,YES
PO_ORDL,FRGT1PER,numeric,NULL,5,2,YES
PO_ORDL,FRGT1AMT,numeric,NULL,15,2,YES
PO_ORDL,Hscess_per,numeric,NULL,5,2,YES
PO_ORDL,Hscess_Amt,numeric,NULL,15,2,YES
PO_ORDL,PACK_FLG,varchar,1,NULL,NULL,YES
PO_ORDL,FRT_FLG,varchar,1,NULL,NULL,YES
PO_ORDL,EXC_FLG,varchar,1,NULL,NULL,YES
PO_ORDL,Ins_Flg,varchar,1,NULL,NULL,YES
PO_ORDL,Cess_Flg,varchar,1,NULL,NULL,YES
PO_ORDL,DISFLG,varchar,1,NULL,NULL,YES
PO_ORDL,FRT2_PER,numeric,NULL,5,2,YES
PO_ORDL,FRT2_AMT,numeric,NULL,15,2,YES
PO_ORDL,PACK2_PER,numeric,NULL,5,2,YES
PO_ORDL,PACK2_AMT,numeric,NULL,15,2,YES
PO_ORDL,INS2_PER,numeric,NULL,5,2,YES
PO_ORDL,INS2_AMT,numeric,NULL,15,2,YES
PO_ORDL,roff,numeric,NULL,5,2,YES
PO_ORDL,vcat,varchar,2,NULL,NULL,YES
PO_ORDL,DepCode,varchar,3,NULL,NULL,YES
PO_ORDL,FRate,numeric,NULL,15,2,YES
PO_ORDL,FValue,numeric,NULL,15,2,YES
PO_ORDL,ADDTAXPER,numeric,NULL,5,2,YES
PO_ORDL,ADDTAXAMT,numeric,NULL,15,2,YES
PO_ORDL,ADDTAX_CODE,varchar,5,NULL,NULL,YES
PO_ORDL,SubCost,numeric,NULL,5,0,YES
PO_ORDL,AO_AppFlg,char,1,NULL,NULL,YES
PO_ORDL,EO_AppFlg,char,1,NULL,NULL,YES
PO_ORDL,VAT_Claim,char,1,NULL,NULL,YES
PO_ORDL,Excise_claim,char,1,NULL,NULL,YES
PO_ORDL,LCANFLG,char,1,NULL,NULL,YES
PO_ORDL,LCancelCode,varchar,4,NULL,NULL,YES
PO_ORDL,LCANDT,datetime,NULL,NULL,NULL,YES
PO_ORDL,FCloseddt,datetime,NULL,NULL,NULL,YES
PO_ORDL,AmedReason,varchar,30,NULL,NULL,YES
PO_ORDL,Pay_GuaranteeRmk,varchar,200,NULL,NULL,YES
PO_ORDL,FCACharg,numeric,NULL,9,2,YES
PO_ORDL,onlineremarks,varchar,20,NULL,NULL,YES
PO_ORDL,Closed_Qty,numeric,NULL,15,3,YES
PO_ORDL,Io_qty,numeric,NULL,9,2,YES
PO_ORDL,Fclosed,char,1,NULL,NULL,YES
PO_ORDL,cgstper,numeric,NULL,5,2,YES
PO_ORDL,cgstamt,numeric,NULL,10,2,YES
PO_ORDL,sgstper,numeric,NULL,5,2,YES
PO_ORDL,sgstamt,numeric,NULL,10,2,YES
PO_ORDL,igstper,numeric,NULL,5,2,YES
PO_ORDL,igstamt,numeric,NULL,10,2,YES
PO_ORDL,hsncode,varchar,8,NULL,NULL,YES
PO_ORDL,cgst_tax_code,varchar,5,NULL,NULL,YES
PO_ORDL,sgst_tax_code,varchar,5,NULL,NULL,YES
PO_ORDL,igst_tax_code,varchar,5,NULL,NULL,YES
PO_ORDL,deletereason,varchar,25,NULL,NULL,YES
PO_ORDL,tcs_per,decimal,NULL,15,4,YES
PO_ORDL,tcs_amt,decimal,NULL,15,2,YES
PO_ORDL,reqidpo,varchar,10,NULL,NULL,YES
PO_ORDL,reqnamepo,varchar,40,NULL,NULL,YES
PO_PARA,STSUPL,varchar,2,NULL,NULL,YES
PO_PARA,POFORMNO,varchar,10,NULL,NULL,YES
PO_PARA,AppUserLevel2,numeric,NULL,5,0,YES
PO_PARA,AppUserLevel3,numeric,NULL,5,0,YES
PO_PARA,AppUserLabel1,varchar,35,NULL,NULL,YES
PO_PARA,AppUserLabel2,varchar,35,NULL,NULL,YES
PO_PARA,AppUserLabel3,varchar,35,NULL,NULL,YES
PO_PARA,Adv_PayType,varchar,1,NULL,NULL,YES
PO_PARA,divcode,varchar,2,NULL,NULL,YES
PO_PARA,APPUSERLEVEL1,numeric,NULL,5,0,YES
PO_PARA,RoundOff,numeric,NULL,5,2,YES
PO_PARA,BudGrp,char,1,NULL,NULL,YES
PO_PARA,CurrCode,varchar,3,NULL,NULL,YES
PO_PARA,ManIndNo,char,1,NULL,NULL,YES
PO_PARA,Po_Confirm,char,1,NULL,NULL,YES
PO_PARA,Manual_IndNo,char,1,NULL,NULL,YES
PO_PARA,PoAppUserLevel1,numeric,NULL,5,0,YES
PO_PARA,PoAppUserLevel2,numeric,NULL,5,0,YES
PO_PARA,PoAppUserLabel1,varchar,35,NULL,NULL,YES
PO_PARA,PoAppUserLabel2,varchar,35,NULL,NULL,YES
PO_PARA,PoAppAmount,numeric,NULL,5,2,YES
PO_PARA,Delivery,numeric,NULL,5,0,YES
PO_PARA,Quality,numeric,NULL,5,0,YES
PO_PARA,penalty,numeric,NULL,5,0,YES
PO_PARA,Pr_ILevel,char,1,NULL,NULL,YES
PO_PARA,Pr_FLevel,char,1,NULL,NULL,YES
PO_PARA,AmdafterGRN,char,1,NULL,NULL,YES
PO_PARA,BudgetQty,char,1,NULL,NULL,YES
PO_PARA,Supp_Item_Tax_Link,char,1,NULL,NULL,YES
PO_PARA,EO_USERID,varchar,5,NULL,NULL,YES
PO_PARA,AO_USERID,varchar,5,NULL,NULL,YES
PO_PARA,PoRatePer,numeric,NULL,5,2,YES
PO_PARA,PoQtyPer,numeric,NULL,5,2,YES
PO_PARA,Rodepcode,varchar,3,NULL,NULL,YES
PO_PARA,InditemGrp,char,1,NULL,NULL,YES
PO_PARA,BudgetControl,char,1,NULL,NULL,YES
PO_PARA,AutoMailCC,varchar,50,NULL,NULL,YES
PO_PARA,AutoMailflg,char,1,NULL,NULL,YES
PO_PARA,GRNAutoSMSflg,char,1,NULL,NULL,YES
PO_PARA,EmpMasterComm,char,1,NULL,NULL,YES
PO_PARA,PRSMSSendFlg,char,1,NULL,NULL,YES
PO_PARA,PRSMSStatusFlg,char,1,NULL,NULL,YES
PO_PARA,POSMSSendFlg,char,1,NULL,NULL,YES
PO_PARA,POSMSStatusFlg,char,1,NULL,NULL,YES
PO_PARA,PRSMSCatCode,numeric,NULL,5,0,YES
PO_PARA,POSMSCatCode,numeric,NULL,5,0,YES
PO_PARA,PoFirstLevelApp,char,1,NULL,NULL,YES
PO_PARA,pomannual,varchar,1,NULL,NULL,YES
PO_PARA,PORATEVALIDATION,char,1,NULL,NULL,YES
PO_PARA,pofinalApplimit,decimal,NULL,18,2,YES
PO_PARA,pofinalAppflg,char,1,NULL,NULL,YES
PO_PARA,purtypeflg,varchar,5,NULL,NULL,YES
PO_PARA,pendingorderpara,varchar,5,NULL,NULL,YES
PO_PARA,finalapprovalpending,varchar,5,NULL,NULL,YES
PO_PARA,webreportlink,varchar,100,NULL,NULL,YES
PO_PARA,PDFExportFlag,char,1,NULL,NULL,YES
PO_PARA,PoFinallevelApp,varchar,10,NULL,NULL,YES
PO_PARA,pendrfq,varchar,10,NULL,NULL,YES
PO_PARA,Penpodetails,varchar,10,NULL,NULL,YES
PO_PARA,poprintapp,char,2,NULL,NULL,YES
PO_PARA,PRapprovalstatus,varchar,5,NULL,NULL,YES
PO_PARA,POapprovalstatus,varchar,5,NULL,NULL,YES
PO_PARA,SPOapprovalstatus,varchar,5,NULL,NULL,YES
PO_PRH,divcode,varchar,2,NULL,NULL,NO
PO_PRH,prno,numeric,NULL,6,0,NO
PO_PRH,prdate,datetime,NULL,NULL,NULL,NO
PO_PRH,depcode,varchar,3,NULL,NULL,YES
PO_PRH,refno,varchar,20,NULL,NULL,YES
PO_PRH,planno,numeric,NULL,6,0,YES
PO_PRH,plandt,datetime,NULL,NULL,NULL,YES
PO_PRH,APPFLG,char,1,NULL,NULL,YES
PO_PRH,ITYPE,char,1,NULL,NULL,YES
PO_PRH,SECTION,varchar,20,NULL,NULL,YES
PO_PRH,PLACEOFISS,varchar,30,NULL,NULL,YES
PO_PRH,APP2,varchar,10,NULL,NULL,YES
PO_PRH,APP3,varchar,10,NULL,NULL,YES
PO_PRH,APP1DATE,datetime,NULL,NULL,NULL,YES
PO_PRH,APP2DATE,datetime,NULL,NULL,NULL,YES
PO_PRH,APP3DATE,datetime,NULL,NULL,NULL,YES
PO_PRH,APP1TIME,datetime,NULL,NULL,NULL,YES
PO_PRH,APP2TIME,datetime,NULL,NULL,NULL,YES
PO_PRH,APP3TIME,datetime,NULL,NULL,NULL,YES
PO_PRH,APP1,varchar,10,NULL,NULL,YES
PO_PRH,REQNAME,varchar,10,NULL,NULL,YES
PO_PRH,cancelflag,char,1,NULL,NULL,YES
PO_PRH,canceldt,datetime,NULL,NULL,NULL,YES
PO_PRH,canreason,varchar,250,NULL,NULL,YES
PO_PRH,amendno,numeric,NULL,5,0,YES
PO_PRH,scopecode,varchar,2,NULL,NULL,YES
PO_PRH,alert_raised,varchar,1,NULL,NULL,YES
PO_PRH,userId,varchar,50,NULL,NULL,YES
PO_PRH,SubCost,numeric,NULL,5,0,YES
PO_PRH,budgetBALAMT,numeric,NULL,18,2,YES
PO_PRH,PO_GRP,varchar,5,NULL,NULL,YES
PO_PRH,saleorderno,varchar,25,NULL,NULL,YES
PO_PRH,Saleorderdt,datetime,NULL,NULL,NULL,YES
PO_PRH,saletype,varchar,5,NULL,NULL,YES
PO_PRH,thirlevelapp,varchar,10,NULL,NULL,YES
PO_PRH,createdby,varchar,50,NULL,NULL,YES
PO_PRH,createddt,varchar,25,NULL,NULL,YES
PO_PRL,divcode,varchar,2,NULL,NULL,NO
PO_PRL,prno,numeric,NULL,6,0,NO
PO_PRL,prdate,datetime,NULL,NULL,NULL,NO
PO_PRL,prsno,numeric,NULL,5,0,NO
PO_PRL,itemcode,varchar,10,NULL,NULL,NO
PO_PRL,macno,varchar,5,NULL,NULL,YES
PO_PRL,qtyind,numeric,NULL,12,3,YES
PO_PRL,qtyreqd,numeric,NULL,12,3,YES
PO_PRL,qtyord,numeric,NULL,12,3,YES
PO_PRL,qtyrec,numeric,NULL,12,3,YES
PO_PRL,reqddate,datetime,NULL,NULL,NULL,YES
PO_PRL,prstatus,char,1,NULL,NULL,YES
PO_PRL,remarks,varchar,50,NULL,NULL,YES
PO_PRL,pend_flag,char,1,NULL,NULL,YES
PO_PRL,slcode,varchar,6,NULL,NULL,YES
PO_PRL,CCCODE,numeric,NULL,4,0,YES
PO_PRL,CATCODE,varchar,1,NULL,NULL,YES
PO_PRL,REMARK1,varchar,25,NULL,NULL,YES
PO_PRL,RATE,numeric,NULL,13,4,YES
PO_PRL,VALUE,numeric,NULL,13,2,YES
PO_PRL,pino,decimal,NULL,6,0,YES
PO_PRL,pidate,datetime,NULL,NULL,NULL,YES
PO_PRL,MAKPARTNO,varchar,20,NULL,NULL,YES
PO_PRL,PLACE,varchar,40,NULL,NULL,YES
PO_PRL,APPCOST,numeric,NULL,11,2,YES
PO_PRL,BGRPCODE,varchar,4,NULL,NULL,YES
PO_PRL,BLCODE,varchar,5,NULL,NULL,YES
PO_PRL,ITEMMEMO,varchar,200,NULL,NULL,YES
PO_PRL,Enq_Qty,numeric,NULL,15,3,YES
PO_PRL,AUPFLAG,varchar,1,NULL,NULL,YES
PO_PRL,curstock,numeric,NULL,12,3,YES
PO_PRL,LPO_RATE,numeric,NULL,13,4,YES
PO_PRL,LPO_DATE,datetime,NULL,NULL,NULL,YES
PO_PRL,PUR_FROM,varchar,8,NULL,NULL,YES
PO_PRL,AmdFlg,char,1,NULL,NULL,YES
PO_PRL,DirectApp,char,1,NULL,NULL,YES
PO_PRL,DirectAppDate,datetime,NULL,NULL,NULL,YES
PO_PRL,Depcode,varchar,3,NULL,NULL,YES
PO_PRL,FirstApp,char,1,NULL,NULL,YES
PO_PRL,SecondApp,char,1,NULL,NULL,YES
PO_PRL,ThirdApp,char,1,NULL,NULL,YES
PO_PRL,FirstAppQty,numeric,NULL,12,3,YES
PO_PRL,SecondAppQty,numeric,NULL,12,3,YES
PO_PRL,ThirdAppQty,numeric,NULL,12,3,YES
PO_PRL,AppQty1,numeric,NULL,12,3,YES
PO_PRL,AppQty2,numeric,NULL,12,3,YES
PO_PRL,AppQty3,numeric,NULL,12,3,YES
PO_PRL,AppQty4,numeric,NULL,12,3,YES
PO_PRL,FirstappUser,varchar,35,NULL,NULL,YES
PO_PRL,SecondAppUser,varchar,35,NULL,NULL,YES
PO_PRL,ThirdAppUser,varchar,35,NULL,NULL,YES
PO_PRL,FinalAppUser,varchar,35,NULL,NULL,YES
PO_PRL,FinalLevel_Remarks,varchar,20,NULL,NULL,YES
PO_PRL,FinalAppQty,numeric,NULL,12,3,YES
PO_PRL,Sample,char,1,NULL,NULL,YES
PO_PRL,SubCost,numeric,NULL,5,0,YES
PO_PRL,FClosed,char,1,NULL,NULL,YES
PO_PRL,FCloseddt,datetime,NULL,NULL,NULL,YES
PO_PRL,BeforeFinalLevelApp,char,1,NULL,NULL,YES
PO_PRL,BeforeFinalLevelAppDate,datetime,NULL,NULL,NULL,YES
PO_PRL,BeforeFinalLevelAppUserID,varchar,20,NULL,NULL,YES
PO_PRL,deletereason,varchar,100,NULL,NULL,YES
PO_TYPE,TYPE_CODE,varchar,2,NULL,NULL,NO
PO_TYPE,TYPNAME,varchar,40,NULL,NULL,NO
PO_TYPE,CapGoodsFlg,varchar,1,NULL,NULL,YES
PO_TYPE,active,varchar,5,NULL,NULL,YES
PP_DIVMAS,DIVCODE,varchar,2,NULL,NULL,NO
PP_DIVMAS,DIVNAME,varchar,50,NULL,NULL,NO
PP_DIVMAS,ABBR,varchar,25,NULL,NULL,YES
PP_DIVMAS,ADD1,varchar,60,NULL,NULL,YES
PP_DIVMAS,ADD2,varchar,60,NULL,NULL,YES
PP_DIVMAS,ADD3,varchar,60,NULL,NULL,YES
PP_DIVMAS,CITY,varchar,25,NULL,NULL,YES
PP_DIVMAS,PINCODE,varchar,15,NULL,NULL,YES
PP_DIVMAS,ZIP,varchar,10,NULL,NULL,YES
PP_DIVMAS,PHONE1,varchar,30,NULL,NULL,YES
PP_DIVMAS,PHONE2,varchar,30,NULL,NULL,YES
PP_DIVMAS,PHONE3,varchar,30,NULL,NULL,YES
PP_DIVMAS,GRAMS,varchar,15,NULL,NULL,YES
PP_DIVMAS,TELEX,varchar,15,NULL,NULL,YES
PP_DIVMAS,FAX,varchar,20,NULL,NULL,YES
PP_DIVMAS,EMAIL,varchar,40,NULL,NULL,YES
PP_DIVMAS,WEBADDR,varchar,35,NULL,NULL,YES
PP_DIVMAS,STARTMONTH,decimal,NULL,2,0,YES
PP_DIVMAS,VATNO,varchar,15,NULL,NULL,YES
PP_DIVMAS,VATDT,datetime,NULL,NULL,NULL,YES
PP_DIVMAS,TNGST,varchar,30,NULL,NULL,YES
PP_DIVMAS,TNGSTDT,datetime,NULL,NULL,NULL,YES
PP_DIVMAS,CGSTDT,datetime,NULL,NULL,NULL,YES
PP_DIVMAS,CGST,varchar,30,NULL,NULL,YES
PP_DIVMAS,EXCODE,varchar,25,NULL,NULL,YES
PP_DIVMAS,compcode,varchar,2,NULL,NULL,NO
PP_DIVMAS,divtype,char,1,NULL,NULL,NO
PP_DIVMAS,SERVER_ALIAS,varchar,30,NULL,NULL,YES
PP_DIVMAS,DATABASE_NAME,varchar,30,NULL,NULL,YES
PP_DIVMAS,DB_USERID,varchar,30,NULL,NULL,YES
PP_DIVMAS,DB_PASSWORD,varchar,30,NULL,NULL,YES
PP_DIVMAS,RC_NO,varchar,25,NULL,NULL,YES
PP_DIVMAS,RANGE,varchar,50,NULL,NULL,YES
PP_DIVMAS,RANGE_ADDR1,varchar,50,NULL,NULL,YES
PP_DIVMAS,RANGE_ADDR2,varchar,50,NULL,NULL,YES
PP_DIVMAS,RANGE_ADDR3,varchar,50,NULL,NULL,YES
PP_DIVMAS,DIVISION,varchar,50,NULL,NULL,YES
PP_DIVMAS,DIVISION_ADDR1,varchar,50,NULL,NULL,YES
PP_DIVMAS,DIVISION_ADDR2,varchar,50,NULL,NULL,YES
PP_DIVMAS,DIVISION_ADDR3,varchar,50,NULL,NULL,YES
PP_DIVMAS,COLLECTORATE,varchar,25,NULL,NULL,YES
PP_DIVMAS,CE_CODE,varchar,25,NULL,NULL,YES
PP_DIVMAS,MFG_CODE,varchar,25,NULL,NULL,YES
PP_DIVMAS,MFGRS_CODE,varchar,25,NULL,NULL,YES
PP_DIVMAS,WAREHOUSE,varchar,50,NULL,NULL,YES
PP_DIVMAS,STATE_CODE,varchar,10,NULL,NULL,YES
PP_DIVMAS,IE_CODE,varchar,25,NULL,NULL,YES
PP_DIVMAS,RBI_CODE,varchar,25,NULL,NULL,YES
PP_DIVMAS,BRANCH_AREA,varchar,50,NULL,NULL,YES
PP_DIVMAS,SPINDLES,numeric,NULL,8,0,YES
PP_DIVMAS,RANGE_CODE,varchar,15,NULL,NULL,YES
PP_DIVMAS,DIVISION_CODE,varchar,15,NULL,NULL,YES
PP_DIVMAS,COMM_CODE,varchar,15,NULL,NULL,YES
PP_DIVMAS,BANK_CODE,varchar,15,NULL,NULL,YES
PP_DIVMAS,STATENAME,varchar,25,NULL,NULL,YES
PP_DIVMAS,PAN,varchar,20,NULL,NULL,YES
PP_DIVMAS,TINNO,varchar,20,NULL,NULL,YES
PP_DIVMAS,ecc,varchar,20,NULL,NULL,YES
PP_DIVMAS,hpincode,varchar,15,NULL,NULL,YES
PP_DIVMAS,hcity,varchar,15,NULL,NULL,YES
PP_DIVMAS,pt_store,varchar,2,NULL,NULL,YES
PP_DIVMAS,pt_broker,varchar,2,NULL,NULL,YES
PP_DIVMAS,pt_lsales,varchar,2,NULL,NULL,YES
PP_DIVMAS,pt_export,varchar,2,NULL,NULL,YES
PP_DIVMAS,pt_cotton,varchar,2,NULL,NULL,YES
PP_DIVMAS,UNIT_NAME,varchar,20,NULL,NULL,YES
PP_DIVMAS,CUST_ID,varchar,10,NULL,NULL,YES
PP_DIVMAS,HODivname,varchar,60,NULL,NULL,YES
PP_DIVMAS,HOADD1,varchar,60,NULL,NULL,YES
PP_DIVMAS,HOADD2,varchar,60,NULL,NULL,YES
PP_DIVMAS,HOADD3,varchar,60,NULL,NULL,YES
PP_DIVMAS,HOCity,varchar,60,NULL,NULL,YES
PP_DIVMAS,HOState,varchar,60,NULL,NULL,YES
PP_DIVMAS,HOCountry,varchar,60,NULL,NULL,YES
PP_DIVMAS,HOPin,varchar,15,NULL,NULL,YES
PP_DIVMAS,HOFax,varchar,20,NULL,NULL,YES
PP_DIVMAS,HOEmail,varchar,40,NULL,NULL,YES
PP_DIVMAS,HOPhone,varchar,30,NULL,NULL,YES
PP_DIVMAS,SUB_TITLE,varchar,50,NULL,NULL,YES
PP_DIVMAS,DIV_PRINTNAME,varchar,40,NULL,NULL,YES
PP_DIVMAS,DIV_UNITNAME,varchar,30,NULL,NULL,YES
PP_DIVMAS,TAN,varchar,10,NULL,NULL,YES
PP_DIVMAS,tdsSTdCode,varchar,5,NULL,NULL,YES
PP_DIVMAS,tdsPhoneNo,varchar,10,NULL,NULL,YES
PP_DIVMAS,YarnInvPrefix,varchar,5,NULL,NULL,YES
PP_DIVMAS,CXSNo,varchar,25,NULL,NULL,YES
PP_DIVMAS,CE_ABBR,varchar,20,NULL,NULL,YES
PP_DIVMAS,CE_DivName,varchar,100,NULL,NULL,YES
PP_DIVMAS,MRS_ITEM_SELECTION,varchar,5,NULL,NULL,YES
PP_DIVMAS,LokupTimerEnable,char,1,NULL,NULL,YES
PP_DIVMAS,DIV_LOGO,image,2147483647,NULL,NULL,YES
PP_DIVMAS,HOEmail2,varchar,20,NULL,NULL,YES
PP_DIVMAS,LIC_DIVNAME,varchar,2000,NULL,NULL,YES
PP_DIVMAS,LIC_Version,varchar,1000,NULL,NULL,YES
PP_DIVMAS,DM_Date,datetime,NULL,NULL,NULL,YES
PP_DIVMAS,Pur_email,varchar,40,NULL,NULL,YES
PP_DIVMAS,MARK_MAIL,varchar,40,NULL,NULL,YES
PP_DIVMAS,Div_Prefix,varchar,10,NULL,NULL,YES
PP_DIVMAS,Location_Code,varchar,10,NULL,NULL,YES
PP_DIVMAS,hocellno,varchar,15,NULL,NULL,YES
PP_DIVMAS,ISO_Logo,image,2147483647,NULL,NULL,YES
PP_DIVMAS,CE_CITY,varchar,50,NULL,NULL,YES
PP_DIVMAS,AutoMailFromID,varchar,40,NULL,NULL,YES
PP_DIVMAS,AutoMailFromIDPwd,varchar,20,NULL,NULL,YES
PP_DIVMAS,smtpserver,varchar,100,NULL,NULL,YES
PP_DIVMAS,smtpport,numeric,NULL,5,0,YES
PP_DIVMAS,mark_mailpwd,varchar,50,NULL,NULL,YES
PP_DIVMAS,pur_emailpasswd,varchar,50,NULL,NULL,YES
PP_DIVMAS,country,varchar,50,NULL,NULL,YES
PP_DIVMAS,cinno,varchar,30,NULL,NULL,YES
PP_DIVMAS,SCRRES_CHANGE,char,1,NULL,NULL,YES
PP_DIVMAS,CUST_ID1,varchar,6,NULL,NULL,YES
PP_DIVMAS,RTGSDivname,varchar,100,NULL,NULL,YES
PP_DIVMAS,gststatecode,varchar,2,NULL,NULL,YES
PP_DIVMAS,gstinno,varchar,15,NULL,NULL,YES
PP_DIVMAS,bank_code1,varchar,15,NULL,NULL,YES
PP_DIVMAS,exportref,varchar,12,NULL,NULL,YES
PP_DIVMAS,CIN_NO,varchar,25,NULL,NULL,YES
PP_DIVMAS,RMPur_Email,varchar,20,NULL,NULL,YES
PP_DIVMAS,EinvoiceFlg,char,1,NULL,NULL,YES
PP_DIVMAS,Einvoice_flg,char,1,NULL,NULL,YES
PP_DIVMAS,EMAIL1,varchar,100,NULL,NULL,YES
PP_DIVMAS,EInvPrefix,char,2,NULL,NULL,YES
PP_DIVMAS,password_policy_flag,varchar,10,NULL,NULL,YES
PP_DIVMAS,yarnmailid,varchar,25,NULL,NULL,YES
PP_DIVMAS,GroupMillID,varchar,5,NULL,NULL,YES
PP_PASSWD,divcode,varchar,2,NULL,NULL,NO
PP_PASSWD,user_id,varchar,5,NULL,NULL,NO
PP_PASSWD,alevel,decimal,NULL,3,0,NO
PP_PASSWD,password,varchar,10,NULL,NULL,YES
PP_PASSWD,user_name,varchar,35,NULL,NULL,YES
PP_PASSWD,module,numeric,NULL,2,0,NO
PP_PASSWD,PENTRY_LOCK,char,1,NULL,NULL,YES
PP_PASSWD,LOCK_DAYS,numeric,NULL,3,0,YES
PP_PASSWD,idleminutes,numeric,NULL,9,0,YES
PP_PASSWD,idletimeflg,numeric,NULL,9,0,YES
PP_PASSWD,idletimerflg,numeric,NULL,9,0,YES
PP_PASSWD,activeflg,char,1,NULL,NULL,YES
PR_EMP,divcode,varchar,2,NULL,NULL,NO
PR_EMP,empno,decimal,NULL,5,0,NO
PR_EMP,wcat,varchar,2,NULL,NULL,YES
PR_EMP,depcode,varchar,3,NULL,NULL,YES
PR_EMP,ename,varchar,30,NULL,NULL,NO
PR_EMP,fhname,varchar,30,NULL,NULL,YES
PR_EMP,ticketno,varchar,15,NULL,NULL,YES
PR_EMP,dob,datetime,NULL,NULL,NULL,YES
PR_EMP,doj,datetime,NULL,NULL,NULL,YES
PR_EMP,dor,datetime,NULL,NULL,NULL,YES
PR_EMP,sex,char,1,NULL,NULL,YES
PR_EMP,shift,char,1,NULL,NULL,YES
PR_EMP,pfflg,char,1,NULL,NULL,YES
PR_EMP,pfno,varchar,20,NULL,NULL,YES
PR_EMP,pfrate,decimal,NULL,6,4,YES
PR_EMP,erpfrate,decimal,NULL,6,4,YES
PR_EMP,esiflg,char,1,NULL,NULL,YES
PR_EMP,esino,varchar,15,NULL,NULL,YES
PR_EMP,esiloc,varchar,30,NULL,NULL,YES
PR_EMP,bonelig,char,1,NULL,NULL,YES
PR_EMP,bankaccno,varchar,20,NULL,NULL,YES
PR_EMP,weekoff,decimal,NULL,1,0,YES
PR_EMP,fpfno,decimal,NULL,6,0,YES
PR_EMP,unionflg,char,1,NULL,NULL,YES
PR_EMP,desigcode,varchar,3,NULL,NULL,YES
PR_EMP,paymode,decimal,NULL,1,0,YES
PR_EMP,loc_os,char,1,NULL,NULL,YES
PR_EMP,citycode,decimal,NULL,4,0,YES
PR_EMP,grpcode,varchar,2,NULL,NULL,YES
PR_EMP,DAELIG,char,1,NULL,NULL,YES
PR_EMP,PRV_DAYS,decimal,NULL,4,2,YES
PR_EMP,UNIONCODE,varchar,3,NULL,NULL,YES
PR_EMP,NFHELIG,char,1,NULL,NULL,YES
PR_EMP,RATEFLG,char,1,NULL,NULL,YES
PR_EMP,SHIFT_0,bit,NULL,NULL,NULL,YES
PR_EMP,SHIFT_1,bit,NULL,NULL,NULL,YES
PR_EMP,SHIFT_2,bit,NULL,NULL,NULL,YES
PR_EMP,SHIFT_3,bit,NULL,NULL,NULL,YES
PR_EMP,BLOOD_GROUP,varchar,2,NULL,NULL,YES
PR_EMP,EMP_IMAGE,image,2147483647,NULL,NULL,YES
PR_EMP,ADD1,varchar,50,NULL,NULL,YES
PR_EMP,ADD2,varchar,50,NULL,NULL,YES
PR_EMP,ADD3,varchar,50,NULL,NULL,YES
PR_EMP,VCODE,varchar,3,NULL,NULL,YES
PR_EMP,PHONE,varchar,20,NULL,NULL,YES
PR_EMP,QUALI,varchar,20,NULL,NULL,YES
PR_EMP,ELEFT,varchar,1,NULL,NULL,YES
PR_EMP,EMPRCODE,varchar,10,NULL,NULL,YES
PR_EMP,CCODE,varchar,3,NULL,NULL,YES
PR_EMP,RFLEFT,varchar,50,NULL,NULL,YES
PR_EMP,PFDATE,datetime,NULL,NULL,NULL,YES
PR_EMP,WKCAT,varchar,2,NULL,NULL,YES
PR_EMP,sta_shift,char,2,NULL,NULL,YES
PR_EMP,nodays,numeric,NULL,5,0,YES
PR_EMP,schemedate,datetime,NULL,NULL,NULL,YES
PR_EMP,INCENFLG,char,1,NULL,NULL,YES
PR_EMP,empimage,image,2147483647,NULL,NULL,YES
PR_EMP,BrName,varchar,30,NULL,NULL,YES
PR_EMP,imagepath,varchar,90,NULL,NULL,YES
PR_EMP,schcode,varchar,2,NULL,NULL,YES
PR_EMP,AGEFLG,varchar,1,NULL,NULL,YES
PR_EMP,DOCFLG,varchar,1,NULL,NULL,YES
PR_EMP,phone1,varchar,20,NULL,NULL,YES
PR_EMP,CITY,varchar,30,NULL,NULL,YES
PR_EMP,PINCODE,numeric,NULL,10,0,YES
PR_EMP,schamt,numeric,NULL,18,2,YES
PR_EMP,hostelflag,varchar,1,NULL,NULL,YES
PR_EMP,tc,char,1,NULL,NULL,YES
PR_EMP,Rcard,char,1,NULL,NULL,YES
PR_EMP,shiftchangeday,decimal,NULL,18,0,YES
PR_EMP,Pensionflg,char,1,NULL,NULL,YES
PR_EMP,HOSTEL_ELIG,char,1,NULL,NULL,YES
PR_EMP,ProdBasedSalary,char,1,NULL,NULL,YES
PR_EMP,PFEffDate,datetime,NULL,NULL,NULL,YES
PR_EMP,ESIEffDate,datetime,NULL,NULL,NULL,YES
PR_EMP,Shift_Batch,char,1,NULL,NULL,YES
PR_EMP,monthlyshiftchange,varchar,2,NULL,NULL,YES
PR_EMP,RejoinDt,datetime,NULL,NULL,NULL,YES
PR_EMP,PAN,varchar,10,NULL,NULL,YES
PR_EMP,RefEmpNo,decimal,NULL,5,0,YES
PR_EMP,RefOther,varchar,20,NULL,NULL,YES
PR_EMP,TAdd1,varchar,100,NULL,NULL,YES
PR_EMP,TAdd2,varchar,100,NULL,NULL,YES
PR_EMP,TAdd3,varchar,100,NULL,NULL,YES
PR_EMP,TVcode,varchar,3,NULL,NULL,YES
PR_EMP,TPinCode,numeric,NULL,10,0,YES
PR_EMP,ContPerName,varchar,25,NULL,NULL,YES
PR_EMP,ContPerPh,varchar,15,NULL,NULL,YES
PR_EMP,TCity,varchar,20,NULL,NULL,YES
PR_EMP,Active,char,1,NULL,NULL,YES
PR_EMP,OwnVehicle,char,1,NULL,NULL,YES
PR_EMP,VisibleId1,varchar,50,NULL,NULL,YES
PR_EMP,VisibleId2,varchar,50,NULL,NULL,YES
PR_EMP,HOBBIES,varchar,50,NULL,NULL,YES
PR_EMP,RelCd,varchar,2,NULL,NULL,YES
PR_EMP,ComCd,varchar,2,NULL,NULL,YES
PR_EMP,PostApplied,varchar,30,NULL,NULL,YES
PR_EMP,MarUnMar,char,1,NULL,NULL,YES
PR_EMP,DateofMar,datetime,NULL,NULL,NULL,YES
PR_EMP,OwnRentHouse,char,1,NULL,NULL,YES
PR_EMP,MonthlyRent,decimal,NULL,10,0,YES
PR_EMP,MonthlyIncome,decimal,NULL,10,0,YES
PR_EMP,VehicleNo,varchar,15,NULL,NULL,YES
PR_EMP,Licence,char,1,NULL,NULL,YES
PR_EMP,Height,decimal,NULL,6,2,YES
PR_EMP,Weight,decimal,NULL,6,2,YES
PR_EMP,QualiCode,varchar,2,NULL,NULL,YES
PR_EMP,EsiCode,varchar,2,NULL,NULL,YES
PR_EMP,Cityname,varchar,1,NULL,NULL,YES
PR_EMP,Gcode,varchar,2,NULL,NULL,YES
PR_EMP,Unitcode,varchar,2,NULL,NULL,YES
PR_EMP,InsuranceFlg,char,1,NULL,NULL,YES
PR_EMP,StoreSubsidyFlg,char,1,NULL,NULL,YES
PR_EMP,Insfperiod,varchar,6,NULL,NULL,YES
PR_EMP,Instperiod,varchar,6,NULL,NULL,YES
PR_EMP,InsPreMonth,datetime,NULL,NULL,NULL,YES
PR_EMP,EContriEligible,char,1,NULL,NULL,YES
PR_EMP,BLCODE,varchar,3,NULL,NULL,YES
PR_EMP,EmailID,varchar,30,NULL,NULL,YES
PR_EMP,BANK_CODE,varchar,5,NULL,NULL,YES
PR_EMP,AgeProof_flg,char,1,NULL,NULL,YES
PR_EMP,AP_CertNo,varchar,20,NULL,NULL,YES
PR_EMP,AP_CertDT,datetime,NULL,NULL,NULL,YES
PR_EMP,AP_CertTokenRef,varchar,20,NULL,NULL,YES
PR_EMP,Permanent_flg,char,1,NULL,NULL,YES
PR_EMP,Permanent_Dt,datetime,NULL,NULL,NULL,YES
PR_EMP,Service480days_flg,char,1,NULL,NULL,YES
PR_EMP,Service480days_Dt,datetime,NULL,NULL,NULL,YES
PR_EMP,SeronSimilarWork,numeric,NULL,5,0,YES
PR_EMP,JOBCODE,varchar,2,NULL,NULL,YES
PR_EMP,SCODE,varchar,2,NULL,NULL,YES
PR_EMP,EXPERIENCE,decimal,NULL,18,0,YES
PR_EMP,STATION,char,1,NULL,NULL,YES
PR_EMP,PER_ADD1,varchar,100,NULL,NULL,YES
PR_EMP,PER_ADD2,varchar,100,NULL,NULL,YES
PR_EMP,PER_ADD3,varchar,100,NULL,NULL,YES
PR_EMP,CON_ADD1,varchar,100,NULL,NULL,YES
PR_EMP,CON_ADD2,varchar,100,NULL,NULL,YES
PR_EMP,CON_ADD3,varchar,100,NULL,NULL,YES
PR_EMP,MOTRAN,char,1,NULL,NULL,YES
PR_EMP,BSAL,decimal,NULL,18,0,YES
PR_EMP,Mac_Ticketno,varchar,10,NULL,NULL,YES
PR_EMP,HostalFlg,char,1,NULL,NULL,YES
PR_EMP,PLCLFLg,char,1,NULL,NULL,YES
PR_EMP,vpf_flg,char,1,NULL,NULL,YES
PR_EMP,CCCODE,varchar,5,NULL,NULL,YES
