FA_SLMAS,slcode,varchar,8,0,0,0,PK
FA_SLMAS,slname,varchar,250,0,0,1,
FA_SLMAS,abbr,varchar,5,0,0,1,
FA_SLMAS,add1,varchar,250,0,0,1,
FA_SLMAS,add2,varchar,250,0,0,1,
FA_SLMAS,add3,varchar,50,0,0,1,
FA_SLMAS,city,varchar,50,0,0,1,
FA_SLMAS,pin,varchar,50,0,0,1,
FA_SLMAS,state,varchar,50,0,0,1,
FA_SLMAS,country,varchar,30,0,0,1,
FA_SLMAS,phone1,varchar,30,0,0,1,
FA_SLMAS,phone2,varchar,30,0,0,1,
FA_SLMAS,email,varchar,50,0,0,1,
FA_SLMAS,telegram,varchar,30,0,0,1,
FA_SLMAS,webaddr,varchar,40,0,0,1,
FA_SLMAS,fax,varchar,20,0,0,1,
FA_SLMAS,crlimit,decimal,9,15,3,1,
FA_SLMAS,bankadd1,varchar,30,0,0,1,
FA_SLMAS,bankadd2,varchar,30,0,0,1,
FA_SLMAS,carcode,varchar,4,0,0,1,
FA_SLMAS,areacode,varchar,4,0,0,1,
FA_SLMAS,pay_terms,varchar,70,0,0,1,
FA_SLMAS,crddays,decimal,5,3,0,1,
FA_SLMAS,tngst,varchar,30,0,0,1,
FA_SLMAS,tngstdt,datetime,8,23,3,1,
FA_SLMAS,cgstdt,datetime,8,23,3,1,
FA_SLMAS,cgst,varchar,30,0,0,1,
FA_SLMAS,ecc,varchar,20,0,0,1,
FA_SLMAS,pan,varchar,20,0,0,1,
FA_SLMAS,trn_debt,char,1,0,0,1,
FA_SLMAS,contper,varchar,30,0,0,1,
FA_SLMAS,contdesg,varchar,30,0,0,1,
FA_SLMAS,contphone,varchar,30,0,0,1,
FA_SLMAS,prtytyp,varchar,2,0,0,1,
FA_SLMAS,BRCODE,varchar,7,0,0,1,
FA_SLMAS,tax_code,varchar,3,0,0,1,
FA_SLMAS,insper,decimal,5,5,2,1,
FA_SLMAS,DISC_PER,decimal,5,5,2,1,
FA_SLMAS,CDISC_PER,decimal,5,5,2,1,
FA_SLMAS,passwd,varchar,10,0,0,1,
FA_SLMAS,stcode,numeric,5,1,0,1,
FA_SLMAS,PAYMODE,tinyint,1,3,0,1,
FA_SLMAS,PARTY_TYPE,varchar,2,0,0,1,
FA_SLMAS,RANGE,varchar,50,0,0,1,
FA_SLMAS,DIVISION,varchar,50,0,0,1,
FA_SLMAS,AGENT_CODE,varchar,6,0,0,1,
FA_SLMAS,CARRIER_CODE,varchar,4,0,0,1,
FA_SLMAS,RC_NO,varchar,15,0,0,1,
FA_SLMAS,COLLECTORATE,varchar,25,0,0,1,
FA_SLMAS,AC_SL,varchar,6,0,0,1,
FA_SLMAS,INSPECT,char,1,0,0,1,
FA_SLMAS,APPROVE,char,1,0,0,1,
FA_SLMAS,GROUPCODE,varchar,2,0,0,1,
FA_SLMAS,state_code,varchar,3,0,0,1,
FA_SLMAS,TINNO,varchar,50,0,0,1,
FA_SLMAS,TINDT,varchar,15,0,0,1,
FA_SLMAS,odper,decimal,5,5,2,1,
FA_SLMAS,self,char,1,0,0,1,
FA_SLMAS,COMM_TYPE,char,1,0,0,1,
FA_SLMAS,COMM_PER,numeric,5,5,3,1,
FA_SLMAS,org_type,varchar,3,0,0,1,
FA_SLMAS,OFF_ADD1,varchar,70,0,0,1,
FA_SLMAS,OFF_ADD2,varchar,70,0,0,1,
FA_SLMAS,OFF_ADD3,varchar,70,0,0,1,
FA_SLMAS,OFF_CITY,varchar,70,0,0,1,
FA_SLMAS,OFF_PIN,varchar,12,0,0,1,
FA_SLMAS,OFF_STATE,varchar,25,0,0,1,
FA_SLMAS,OFF_COUNTRY,varchar,30,0,0,1,
FA_SLMAS,OFF_PHONE1,varchar,40,0,0,1,
FA_SLMAS,OFF_PHONE2,varchar,30,0,0,1,
FA_SLMAS,OFF_EMAIL,varchar,40,0,0,1,
FA_SLMAS,OFF_TELEGRAM,varchar,30,0,0,1,
FA_SLMAS,OFF_WEBSITE,varchar,40,0,0,1,
FA_SLMAS,OFF_FAX,varchar,40,0,0,1,
FA_SLMAS,OFF_CONTPER,varchar,30,0,0,1,
FA_SLMAS,OFF_contdesg,varchar,30,0,0,1,
FA_SLMAS,OFF_CONTPHONE,varchar,30,0,0,1,
FA_SLMAS,OFF_SSINO,varchar,30,0,0,1,
FA_SLMAS,OFF_MICRONO,varchar,30,0,0,1,
FA_SLMAS,default_Add,varchar,100,0,0,1,
FA_SLMAS,grp,varchar,1,0,0,1,
FA_SLMAS,COURIERTHROUGH,nvarchar,200,0,0,1,
FA_SLMAS,BANKACNO,varchar,50,0,0,1,
FA_SLMAS,IFSCCODE,varchar,50,0,0,1,
FA_SLMAS,USERID,varchar,15,0,0,1,
FA_SLMAS,CustGrp,varchar,8,0,0,1,
FA_SLMAS,CRLimitflg,varchar,2,0,0,1,
FA_SLMAS,ptype,varchar,2,0,0,1,
FA_SLMAS,OLDSLCODE,varchar,8,0,0,1,
FA_SLMAS,email2,varchar,50,0,0,1,
FA_SLMAS,ACTYPE,varchar,10,0,0,1,
FA_SLMAS,user_name,varchar,35,0,0,1,
FA_SLMAS,password,varchar,10,0,0,1,
FA_SLMAS,UserType,char,1,0,0,1,
FA_SLMAS,isactive,varchar,1,0,0,1,
FA_SLMAS,gstinno,varchar,15,0,0,1,
FA_SLMAS,gststatecode,varchar,2,0,0,1,
FA_SLMAS,supptype,varchar,1,0,0,1,
FA_SLMAS,CRDDAYS2,decimal,5,3,0,1,
FA_SLMAS,SubRegionCode,varchar,5,0,0,1,
FA_SLMAS,rate_type,varchar,20,0,0,1,
FA_SLMAS,Region,varchar,5,0,0,1,
FA_SLMAS,zonecode,varchar,2,0,0,1,
FA_SLMAS,mod_date,datetime,8,23,3,1,
FA_SLMAS,mod_user,varchar,20,0,0,1,
FA_SLMAS,ipaddr,varchar,20,0,0,1,
FA_SLMAS,hostname,varchar,20,0,0,1,
FA_SLMAS,mod_form,varchar,20,0,0,1,
FA_SLMAS,mod_username,varchar,20,0,0,1,
FA_SLMAS,scanfilename,varchar,200,0,0,1,
FA_SLMAS,active,char,1,0,0,1,
FA_SLMAS,TDS_TCS_Flg,char,1,0,0,1,
FA_SLMAS,CR_DaysLock,tinyint,1,3,0,1,
FA_SLMAS,PolicyNo,varchar,30,0,0,1,
FA_SLMAS,PeriodFDt,datetime,8,23,3,1,
FA_SLMAS,PeriodTDt,datetime,8,23,3,1,
FA_SLMAS,TDS_TCS_Cal_Flg,char,1,0,0,1,
FA_SLMAS,TypeofEnterprise,varchar,2,0,0,1,
FA_SLMAS,MSME_GroupType,varchar,2,0,0,1,
FA_SLMAS,MSME_Group,varchar,2,0,0,1,
FA_SLMAS,UAM,varchar,13,0,0,1,
FA_SLMAS,GSTORPAN_File,varchar,40,0,0,1,
FA_SLMAS,MSME_CERTIFICATE_File,varchar,40,0,0,1,
FA_SLMAS,branch_name,varchar,25,0,0,1,
FA_SLMAS,Cheque_Favour,varchar,55,0,0,1,
FA_SLMAS,Internal_EMailID,varchar,20,0,0,1,
FA_SLMAS,TANNO,varchar,10,0,0,1,
FA_SLMAS,Short_Name,varchar,16,0,0,1,
FA_SLMAS,MailSend,char,1,0,0,1,
FA_SLMAS,isautomailflg,char,2,0,0,1,
FA_SLMAS,CIN,varchar,21,0,0,1,
FA_SLMAS,CSM_Slcode,varchar,10,0,0,1,
FA_SLMAS,CSM_SlName,varchar,250,0,0,1,
FA_SLMAS,IsIntUnitTrans,tinyint,1,3,0,1,
FA_SLMAS,IntUnitGL,varchar,6,0,0,1,
IN_BGRP,BGRPCODE,varchar,4,0,0,1,
IN_BGRP,BGRPNAME,varchar,100,0,0,1,
IN_CAT,CATCODE,varchar,1,0,0,0,PK
IN_CAT,CATDESC,varchar,25,0,0,1,
IN_CAT,Active,varchar,5,0,0,1,
IN_CC,CCCODE,varchar,5,0,0,0,PK
IN_CC,CCNAME,varchar,25,0,0,0,
IN_CC,DPGRCD,numeric,5,2,0,1,
IN_CC,CGCODE,numeric,5,2,0,1,
IN_CC,divcode,varchar,2,0,0,0,PK
IN_CC,Active,varchar,5,0,0,1,
IN_DEP,DEPCODE,varchar,3,0,0,0,PK
IN_DEP,DEPNAME,varchar,30,0,0,0,
IN_DEP,SEQNO,numeric,5,2,0,1,
IN_DEP,CCCODE,varchar,5,0,0,1,
IN_DEP,divcode,varchar,2,0,0,0,PK
IN_DEP,unitCode,varchar,2,0,0,1,
IN_DEP,dep_grp,varchar,2,0,0,1,
IN_DEP,substore,char,1,0,0,1,
IN_DEP,active,char,1,0,0,1,
IN_DEP,dgroup,varchar,15,0,0,1,
IN_DEP,dgrpname,varchar,100,0,0,1,
IN_GRP,GRPCODE,varchar,3,0,0,0,
IN_GRP,GRPNAME,varchar,30,0,0,0,
IN_GRP,GLCODE,varchar,6,0,0,1,
IN_GRP,MACGRP,char,1,0,0,1,
IN_GRP,comm_code,varchar,15,0,0,1,
IN_GRP,Consu_DrGlcode,varchar,7,0,0,1,
IN_GRP,Consu_CrGlcode,varchar,7,0,0,1,
IN_GRP,Active,varchar,5,0,0,1,
IN_ITEM,ITEMCODE,varchar,10,0,0,0,PK
IN_ITEM,ITEMNAME,varchar,70,0,0,0,
IN_ITEM,ITEMSPEC1,varchar,150,0,0,1,
IN_ITEM,ITEMSPEC2,varchar,150,0,0,1,
IN_ITEM,ITEMSPEC3,varchar,150,0,0,1,
IN_ITEM,UOM,varchar,3,0,0,0,
IN_ITEM,CUOM,varchar,3,0,0,0,
IN_ITEM,UOMQTY,numeric,9,12,3,1,
IN_ITEM,CUOMQTY,numeric,9,12,3,1,
IN_ITEM,MATYPE,char,1,0,0,1,
IN_ITEM,AUTOMRP,char,1,0,0,1,
IN_ITEM,CATCODE,varchar,1,0,0,1,
IN_ITEM,CATFLG,tinyint,1,3,0,1,
IN_ITEM,CATLNO,varchar,25,0,0,1,
IN_ITEM,MACNO,varchar,5,0,0,1,
IN_ITEM,MAXLEVEL,numeric,9,12,3,1,
IN_ITEM,MINLEVEL,decimal,9,12,3,1,
IN_ITEM,RORDLEVEL,numeric,9,12,3,1,
IN_ITEM,RORDQTY,decimal,9,12,3,1,
IN_ITEM,RATE,numeric,9,15,5,1,
IN_ITEM,CURSTK,decimal,13,20,3,1,
IN_ITEM,PHYSTK,decimal,9,12,3,1,
IN_ITEM,LRECPTDT,datetime,8,23,3,1,
IN_ITEM,LISSUEDT,datetime,8,23,3,1,
IN_ITEM,ABCFLG,char,1,0,0,1,
IN_ITEM,FSNFLG,char,1,0,0,1,
IN_ITEM,LOCATION,varchar,15,0,0,1,
IN_ITEM,HIGHSTK,numeric,9,11,3,1,
IN_ITEM,HIGHDATE,datetime,8,23,3,1,
IN_ITEM,LOWSTK,numeric,9,11,3,1,
IN_ITEM,LOWDATE,datetime,8,23,3,1,
IN_ITEM,UDELYTOL,numeric,9,12,3,1,
IN_ITEM,ODELFLG,char,1,0,0,1,
IN_ITEM,ODELTOL,numeric,9,12,3,1,
IN_ITEM,LEVYTAX,numeric,9,12,2,1,
IN_ITEM,FREITINS,numeric,9,12,2,1,
IN_ITEM,qcstock,numeric,9,12,3,1,
IN_ITEM,rejstk,numeric,9,12,3,1,
IN_ITEM,INDENTREQ,char,1,0,0,1,
IN_ITEM,VALUED,char,1,0,0,1,
IN_ITEM,DEADSTOCK,char,1,0,0,1,
IN_ITEM,SUBSTOREITEM,char,1,0,0,1,
IN_ITEM,LIFETYPE,char,1,0,0,1,
IN_ITEM,LIFESPAN,numeric,5,3,0,1,
IN_ITEM,GODCODE,varchar,2,0,0,1,
IN_ITEM,ITEMIMAGE,image,16,0,0,1,
IN_ITEM,dutycat,char,1,0,0,1,
IN_ITEM,frequency,char,1,0,0,1,
IN_ITEM,dutydocno,varchar,8,0,0,1,
IN_ITEM,PREORDNO,numeric,5,6,0,1,
IN_ITEM,PREPRICE,numeric,9,15,2,1,
IN_ITEM,MON3LORDNO,numeric,5,6,0,1,
IN_ITEM,MON3LPRICE,numeric,9,15,2,1,
IN_ITEM,MON12LORDNO,numeric,5,6,0,1,
IN_ITEM,MON12LPRICE,numeric,9,15,2,1,
IN_ITEM,DRAWNO,varchar,25,0,0,1,
IN_ITEM,SELFLIFE,char,1,0,0,1,
IN_ITEM,MAKPARTNO,varchar,20,0,0,1,
IN_ITEM,PARTNO,varchar,20,0,0,1,
IN_ITEM,APMFlag,varchar,1,0,0,1,
IN_ITEM,Lncode,varchar,12,0,0,1,
IN_ITEM,ImagePath,varchar,200,0,0,1,
IN_ITEM,COM_CODE,varchar,20,0,0,1,
IN_ITEM,prispec,varchar,300,0,0,1,
IN_ITEM,OpQty,numeric,9,15,3,1,
IN_ITEM,OpVal,numeric,9,15,2,1,
IN_ITEM,Critical_Item,char,10,0,0,1,
IN_ITEM,Insp_Type_Code,varchar,6,0,0,1,
IN_ITEM,sgrpcode,varchar,3,0,0,1,
IN_ITEM,old_itemcode,varchar,7,0,0,1,
IN_ITEM,TEMP_DIVCODE,varchar,2,0,0,1,
IN_ITEM,flag,char,1,0,0,1,
IN_ITEM,essflag,char,1,0,0,1,
IN_ITEM,scrap_Item,varchar,1,0,0,1,
IN_ITEM,suom,varchar,3,0,0,1,
IN_ITEM,iWEIGHT,decimal,9,12,3,1,
IN_ITEM,hsncode,varchar,8,0,0,1,
IN_ITEM,cgst_per,numeric,5,6,2,1,
IN_ITEM,sgst_per,numeric,5,6,2,1,
IN_ITEM,igst_per,numeric,5,6,2,1,
IN_ITEM,gsttaxcode,varchar,3,0,0,1,
IN_ITEM,IsItemActive,tinyint,1,3,0,1,
IN_ITEM,MACHINEMAKE_ID,varchar,15,0,0,1,
IN_ITEM,MODEL,varchar,25,0,0,1,
IN_ITEM,MACHINEMAKEID,varchar,15,0,0,1,
IN_ITEM,MODELID,varchar,25,0,0,1,
IN_MAC,MACNO,varchar,5,0,0,0,PK
IN_MAC,MACDES,varchar,30,0,0,0,
IN_MAC,MAKE,varchar,25,0,0,1,
IN_PARA,APER,decimal,5,2,0,1,
IN_PARA,BPER,decimal,5,2,0,1,
IN_PARA,FTIMES,decimal,5,2,0,1,
IN_PARA,STIMES,decimal,5,2,0,1,
IN_PARA,XPER,decimal,5,2,0,1,
IN_PARA,YPER,decimal,5,2,0,1,
IN_PARA,GTFRITC,numeric,5,2,0,1,
IN_PARA,GTFROTC,numeric,5,2,0,1,
IN_PARA,FAINSTAL,char,1,0,0,0,
IN_PARA,FATFR,char,1,0,0,0,
IN_PARA,FATC,numeric,5,2,0,1,
IN_PARA,rg23a,varchar,2,0,0,1,
IN_PARA,rg23c,varchar,2,0,0,1,
IN_PARA,BUDREQ,char,1,0,0,1,
IN_PARA,FaDbtc,numeric,5,3,0,1,
IN_PARA,PoRdays,numeric,5,5,0,1,
IN_PARA,RecTcFrom,numeric,5,5,0,1,
IN_PARA,RecTcTo,numeric,5,5,0,1,
IN_PARA,MIBRTC,numeric,5,5,0,1,
IN_PARA,MIBITC,numeric,5,5,0,1,
IN_PARA,IssTcFrom,numeric,5,5,0,1,
IN_PARA,IssTcTo,numeric,5,5,0,1,
IN_PARA,RecRetTcFrom,numeric,5,5,0,1,
IN_PARA,RecRetTcTo,numeric,5,5,0,1,
IN_PARA,IssRetTcFrom,numeric,5,5,0,1,
IN_PARA,IssRetTcTo,numeric,5,5,0,1,
IN_PARA,UnitTransInTcFrom,numeric,5,5,0,1,
IN_PARA,UnitTransInTcTo,numeric,5,5,0,1,
IN_PARA,UnitTransOutTcFrom,numeric,5,5,0,1,
IN_PARA,UnitTransOutTcTo,numeric,5,5,0,1,
IN_PARA,AdjPlusTcFrom,numeric,5,5,0,1,
IN_PARA,AdjPlusTcTo,numeric,5,5,0,1,
IN_PARA,AdjMinTcFrom,numeric,5,5,0,1,
IN_PARA,AdjMinTcTo,numeric,5,5,0,1,
IN_PARA,UsedItemTransTcFrom,numeric,5,5,0,1,
IN_PARA,UsedItemTransTcTo,numeric,5,5,0,1,
IN_PARA,MiscTcFrom,numeric,5,5,0,1,
IN_PARA,MiscTcTo,numeric,5,5,0,1,
IN_PARA,vatgl,varchar,6,0,0,1,
IN_PARA,vatgl2,varchar,6,0,0,1,
IN_PARA,vatflg,char,1,0,0,1,
IN_PARA,MIBENABLE,varchar,1,0,0,1,
IN_PARA,Cenvatflg,char,1,0,0,1,
IN_PARA,CenvatGL,varchar,6,0,0,1,
IN_PARA,Cenvatgl2,varchar,6,0,0,1,
IN_PARA,PackItmGrp,varchar,5,0,0,1,
IN_PARA,MOVELINKFLG,char,1,0,0,1,
IN_PARA,ASSETCAT,varchar,1,0,0,1,
IN_PARA,servicebilltc,numeric,5,5,0,1,
IN_PARA,GRNWITHIND,char,1,0,0,1,
IN_PARA,CashPurCode,varchar,5,0,0,1,
IN_PARA,Bill_Issue_Flg,char,1,0,0,1,
IN_PARA,Job_Print_Flg,char,1,0,0,1,
IN_PARA,Iss_Print_Flg,char,1,0,0,1,
IN_PARA,Inspection_Flg,char,1,0,0,1,
IN_PARA,bill_additionaltax,char,2,0,0,1,
IN_PARA,Div_ItemStock,char,1,0,0,1,
IN_PARA,BillEntryApp_Flg,char,1,0,0,1,
IN_PARA,iss_req_cl_days,numeric,5,3,0,1,
IN_PARA,Tr_FromDate,datetime,8,23,3,1,
IN_PARA,Tr_toDate,datetime,8,23,3,1,
IN_PARA,TransOUTgl,varchar,7,0,0,1,
IN_PARA,TransINgl,varchar,7,0,0,1,
IN_PARA,TransTC,varchar,7,0,0,1,
IN_PARA,GRNAutoSMS,char,1,0,0,1,
IN_PARA,GRNAutoSMSflg,char,1,0,0,1,
IN_PARA,job_cl_days,numeric,5,5,0,1,
IN_PARA,outpassNoGen,char,1,0,0,1,
IN_PARA,EveSnacksRate,numeric,5,7,2,1,
IN_PARA,EveSnacksCat,varchar,20,0,0,1,
IN_PARA,EveSnacksType,varchar,20,0,0,1,
IN_PARA,DEPTCODE,varchar,20,0,0,1,
IN_PARA,Dieselcode,varchar,7,0,0,1,
IN_PARA,article,varchar,2,0,0,1,
IN_PARA,FIFO,varchar,1,0,0,1,
IN_PARA,wpoamt,decimal,9,15,2,1,
IN_PARA,starch,varchar,3,0,0,1,
IN_PARA,chemicals,varchar,3,0,0,1,
IN_PARA,Dyes,varchar,3,0,0,1,
IN_PARA,Fuel,varchar,3,0,0,1,
IN_PARA,RCMDBGL,varchar,6,0,0,1,
IN_PARA,RCMCGSTGL,varchar,6,0,0,1,
IN_PARA,RCMSGSTGL,varchar,6,0,0,1,
IN_PARA,RCMIGSTGL,varchar,6,0,0,1,
IN_PARA,RCMCGSTGL_DBT,varchar,6,0,0,1,
IN_PARA,RCMSGSTGL_DBT,varchar,6,0,0,1,
IN_PARA,RCMIGSTGL_DBT,varchar,6,0,0,1,
IN_PARA,PurTypeFlg,int,4,10,0,1,
IN_PARA,Issuereq,varchar,2,0,0,1,
IN_PARA,StkDRGL,varchar,10,0,0,1,
IN_PARA,StkCRGL,varchar,10,0,0,1,
IN_PARA,serpo_billlink,varchar,10,0,0,1,
IN_PARA,billvalue,varchar,10,0,0,1,
IN_PARA,tcsflg,varchar,10,0,0,1,
IN_PARA,tcs_per,numeric,9,15,4,1,
IN_PARA,webreportlink,varchar,100,0,0,1,
IN_PARA,penpodetails,varchar,20,0,0,1,
IN_PARA,serviceporate,varchar,20,0,0,1,
IN_PARA,tcs_value,decimal,5,9,0,1,
IN_PARA,tcstax,varchar,25,0,0,1,
IN_PARA,indwithpo,varchar,5,0,0,1,
IN_PARA,tdsflg,varchar,5,0,0,1,
IN_PARA,tds_perpan,numeric,9,15,3,1,
IN_PARA,tds_wopan,numeric,9,15,3,1,
IN_PARA,tds_value,numeric,9,15,2,1,
IN_PARA,tdstype,varchar,25,0,0,1,
IN_PARA,MsAccs_Tran_Flg,varchar,50,0,0,1,
IN_PARA,MsAcs_Path,varchar,50,0,0,1,
IN_PARA,serviceweb,varchar,10,0,0,1,
IN_PARA,Tds_Rndnextrs,tinyint,1,3,0,1,
IN_PARA,DateDivision,varchar,5,0,0,1,
IN_PARA,gatedivision,varchar,5,0,0,1,
IN_PARA,importtds,varchar,5,0,0,1,
IN_PARA,outpassapproval,varchar,25,0,0,1,
IN_PARA,backdate,varchar,5,0,0,1,
IN_PARA,Issue_After_Bill,varchar,10,0,0,1,
IN_PARA,PartialTdscal,varchar,5,0,0,1,
IN_PARA,advancetdscalc,varchar,5,0,0,1,
IN_PARA,Lastyrmaterialreturn,varchar,5,0,0,1,
IN_PARA,scrapreturn,varchar,5,0,0,1,
IN_PARA,ScrapPwd,varchar,50,0,0,1,
IN_PARA,freightTC,varchar,5,0,0,1,
IN_PARA,Lastyrreceiptreturn,varchar,5,0,0,1,
in_repfoot,footcode,varchar,3,0,0,0,PK
in_repfoot,footdesc,varchar,50,0,0,1,
in_repfoot,divcode,varchar,2,0,0,0,PK
in_repfoot,active,varchar,5,0,0,1,
IN_SCC,SCCCODE,numeric,5,6,0,0,PK
IN_SCC,SCCNAME,varchar,40,0,0,1,
IN_SCC,DEPCODE,varchar,5,0,0,0,
IN_SCC,mastid,int,4,10,0,0,
IN_SCC,Divcode,varchar,2,0,0,0,PK
IN_SCC,CC_Code,varchar,5,0,0,1,
IN_SCC,Consu_DrGlcode,varchar,7,0,0,1,
IN_SCC,Consu_CrGlcode,varchar,7,0,0,1,
IN_SCC,UserId,varchar,15,0,0,1,
IN_SCC,CRDate,varchar,15,0,0,1,
IN_SCC,Active,varchar,5,0,0,1,
IN_TRNHEAD,DIVCODE,varchar,2,0,0,0,
IN_TRNHEAD,TC,numeric,5,2,0,0,
IN_TRNHEAD,DOCNO,numeric,5,6,0,0,
IN_TRNHEAD,DOCDT,datetime,8,23,3,0,
IN_TRNHEAD,DCNO,varchar,20,0,0,1,
IN_TRNHEAD,DCDT,datetime,8,23,3,1,
IN_TRNHEAD,SLCODE,varchar,7,0,0,1,
IN_TRNHEAD,DEPCODE,varchar,3,0,0,1,
IN_TRNHEAD,REFNO,varchar,20,0,0,1,
IN_TRNHEAD,REFTC,numeric,5,2,0,1,
IN_TRNHEAD,REFDT,datetime,8,23,3,1,
IN_TRNHEAD,BATCHNO,varchar,15,0,0,1,
IN_TRNHEAD,MODEOFDEL,varchar,25,0,0,1,
IN_TRNHEAD,TRN_DEBT,char,1,0,0,1,
IN_TRNHEAD,CFORM,char,1,0,0,1,
IN_TRNHEAD,CFORMREF,varchar,25,0,0,1,
IN_TRNHEAD,FORM37REF,varchar,25,0,0,1,
IN_TRNHEAD,FORMH,char,1,0,0,1,
IN_TRNHEAD,FORMHREF,varchar,25,0,0,1,
IN_TRNHEAD,PAY_DUEDT,datetime,8,23,3,1,
IN_TRNHEAD,FORM17,char,1,0,0,1,
IN_TRNHEAD,FORM17REF,varchar,25,0,0,1,
IN_TRNHEAD,opflg,char,1,0,0,0,
IN_TRNHEAD,APPROVED1,char,1,0,0,1,
IN_TRNHEAD,APPROVED2,char,1,0,0,1,
IN_TRNHEAD,IRNO,numeric,5,6,0,1,
IN_TRNHEAD,REMARKS,varchar,40,0,0,1,
IN_TRNHEAD,TOTVALUE,numeric,9,18,2,1,
IN_TRNHEAD,ROFF,numeric,9,15,2,1,
IN_TRNHEAD,BILLNO,varchar,30,0,0,1,
IN_TRNHEAD,BILLDT,datetime,8,23,3,1,
IN_TRNHEAD,IWGPNO,varchar,15,0,0,1,
IN_TRNHEAD,DBNO,varchar,5,0,0,1,
IN_TRNHEAD,DBDT,datetime,8,23,3,1,
IN_TRNHEAD,DBTC,varchar,3,0,0,1,
IN_TRNHEAD,DBAMT,numeric,9,10,2,1,
IN_TRNHEAD,WEIGHBILLAMT,numeric,9,10,2,1,
IN_TRNHEAD,Sqno,numeric,5,5,0,1,
IN_TRNHEAD,TrDivcode,varchar,2,0,0,1,
IN_TRNHEAD,OutDocNo,numeric,5,5,0,1,
IN_TRNHEAD,MIBDESFLG,char,1,0,0,1,
IN_TRNHEAD,LRREFNO,varchar,7,0,0,1,
IN_TRNHEAD,LRDT,datetime,8,23,3,1,
IN_TRNHEAD,RECFLG,char,1,0,0,1,
IN_TRNHEAD,TYear,numeric,5,5,0,0,
IN_TRNHEAD,Tran_Type,varchar,1,0,0,1,
IN_TRNHEAD,po_type,varchar,3,0,0,1,
IN_TRNHEAD,Vehicleno,varchar,15,0,0,1,
IN_TRNHEAD,CPerson,varchar,20,0,0,1,
IN_TRNHEAD,Stime,datetime,8,23,3,1,
IN_TRNHEAD,DISPER,numeric,5,5,2,1,
IN_TRNHEAD,PCKPER,numeric,5,5,2,1,
IN_TRNHEAD,CESSPER,numeric,5,5,2,1,
IN_TRNHEAD,BXDPER,numeric,5,5,2,1,
IN_TRNHEAD,AEDPER,numeric,5,5,2,1,
IN_TRNHEAD,EDUCESSPER,numeric,5,5,2,1,
IN_TRNHEAD,HSCESSPER,numeric,5,5,2,1,
IN_TRNHEAD,TAXCODE,varchar,3,0,0,1,
IN_TRNHEAD,TAXPER,numeric,5,5,2,1,
IN_TRNHEAD,SURPER,numeric,5,5,2,1,
IN_TRNHEAD,FREIGHT,numeric,9,15,2,1,
IN_TRNHEAD,INSPER,numeric,5,5,2,1,
IN_TRNHEAD,BEDPER,numeric,5,5,2,1,
IN_TRNHEAD,SStime,varchar,12,0,0,1,
IN_TRNHEAD,alert_raised,char,1,0,0,1,
IN_TRNHEAD,IWGPDT,datetime,8,23,3,1,
IN_TRNHEAD,Insp_Date,datetime,8,23,3,1,
IN_TRNHEAD,FORM_TYPE,varchar,5,0,0,1,
IN_TRNHEAD,TBillDt,datetime,8,23,3,1,
IN_TRNHEAD,TBillNo,varchar,30,0,0,1,
IN_TRNHEAD,ST_Docno,numeric,5,5,0,1,
IN_TRNHEAD,ST_Docdt,datetime,8,23,3,1,
IN_TRNHEAD,BillFlg,char,1,0,0,1,
IN_TRNHEAD,TAXAMT,numeric,9,12,2,1,
IN_TRNHEAD,DISAMT,numeric,9,15,2,1,
IN_TRNHEAD,PACK1AMT,numeric,9,15,2,1,
IN_TRNHEAD,CESSAMT,numeric,9,15,2,1,
IN_TRNHEAD,BEDAMT,numeric,9,15,2,1,
IN_TRNHEAD,AEDAMT,numeric,9,15,2,1,
IN_TRNHEAD,EDUCESSAMT,numeric,9,15,2,1,
IN_TRNHEAD,HscessAmt,numeric,9,15,2,1,
IN_TRNHEAD,SCAMT,numeric,9,15,2,1,
IN_TRNHEAD,ADSCAMT,numeric,9,15,2,1,
IN_TRNHEAD,INS1AMT,numeric,9,15,2,1,
IN_TRNHEAD,COTHCHGS,numeric,9,15,2,1,
IN_TRNHEAD,hgodcode,varchar,3,0,0,1,
IN_TRNHEAD,cust_gststcode,varchar,2,0,0,1,
IN_TRNHEAD,gstinno,varchar,15,0,0,1,
IN_TRNHEAD,createdby,varchar,15,0,0,1,
IN_TRNHEAD,createddt,datetime,8,23,3,1,
IN_TRNHEAD,modifiedby,varchar,25,0,0,1,
IN_TRNHEAD,modifydt,datetime,8,23,3,1,
IN_TRNHEAD,inspby,varchar,25,0,0,1,
IN_TRNHEAD,inspdate,datetime,8,23,3,1,
IN_TRNHEAD,htcs_amt,numeric,9,15,2,1,
IN_TRNHEAD,caporder,varchar,10,0,0,1,
IN_TRNHEAD,FrtValue,numeric,9,15,2,1,
IN_TRNHEAD,staform,varchar,5,0,0,1,
IN_TRNHEAD,igwpdate,datetime,8,23,3,1,
IN_TRNHEAD,iwgpdate,datetime,8,23,3,1,
IN_TRNHEAD,dcgst,decimal,5,9,3,1,
IN_TRNHEAD,dsgst,decimal,5,9,3,1,
IN_TRNHEAD,digst,decimal,5,9,3,1,
IN_TRNHEAD,IGPWNO,varchar,15,0,0,1,
IN_TRNHEAD,SampleFlag,varchar,2,0,0,1,
IN_TRNHEAD,RHdebit_roff,numeric,9,15,2,1,
IN_TRNHEAD,RHdebit_Assvalue,numeric,9,15,2,1,
IN_TRNHEAD,RHdebit_cgstamt,numeric,9,15,2,1,
IN_TRNHEAD,RHdebit_sgstamt,numeric,9,15,2,1,
IN_TRNHEAD,RHdebit_igstamt,numeric,9,15,2,1,
IN_TRNHEAD,TransID,varchar,10,0,0,1,
IN_TRNTAIL,DIVCODE,varchar,2,0,0,0,
IN_TRNTAIL,TC,numeric,5,2,0,0,
IN_TRNTAIL,DOCNO,numeric,5,6,0,0,
IN_TRNTAIL,DOCDT,datetime,8,23,3,0,
IN_TRNTAIL,DOCSNO,decimal,5,5,0,0,
IN_TRNTAIL,ITEMCODE,varchar,10,0,0,0,
IN_TRNTAIL,QCRECDQTY,decimal,9,12,3,1,
IN_TRNTAIL,QUANTITY,decimal,9,12,3,1,
IN_TRNTAIL,RATE,decimal,9,15,5,1,
IN_TRNTAIL,VALUE,decimal,9,15,2,1,
IN_TRNTAIL,MACNO,varchar,5,0,0,1,
IN_TRNTAIL,CCCODE,numeric,5,6,0,1,
IN_TRNTAIL,REMARK1,varchar,20,0,0,1,
IN_TRNTAIL,pordno,decimal,5,6,0,1,
IN_TRNTAIL,porddt,datetime,8,23,3,1,
IN_TRNTAIL,pogrp,varchar,2,0,0,1,
IN_TRNTAIL,refdocno,decimal,5,6,0,1,
IN_TRNTAIL,refdt,datetime,8,23,3,1,
IN_TRNTAIL,reftc,decimal,5,2,0,1,
IN_TRNTAIL,refdocsno,decimal,5,6,0,1,
IN_TRNTAIL,refqty,decimal,9,12,3,1,
IN_TRNTAIL,category,char,1,0,0,1,
IN_TRNTAIL,BATCHNO,varchar,15,0,0,1,
IN_TRNTAIL,QCPERSON,varchar,6,0,0,1,
IN_TRNTAIL,REJQTY,decimal,9,12,3,1,
IN_TRNTAIL,REPLQTY,decimal,9,12,3,1,
IN_TRNTAIL,abrate,decimal,9,12,2,1,
IN_TRNTAIL,GODCODE,varchar,2,0,0,0,
IN_TRNTAIL,PJTC,decimal,5,3,0,1,
IN_TRNTAIL,PJNO,decimal,5,6,0,1,
IN_TRNTAIL,PJDT,datetime,8,23,3,1,
IN_TRNTAIL,PAYQTY,decimal,9,12,3,1,
IN_TRNTAIL,returnable,char,1,0,0,1,
IN_TRNTAIL,NOOFISS,decimal,5,4,0,1,
IN_TRNTAIL,RECNO,decimal,5,6,0,1,
IN_TRNTAIL,ADJQTY,decimal,9,12,3,1,
IN_TRNTAIL,BALQTY,decimal,9,12,3,1,
IN_TRNTAIL,ISSQTY,decimal,9,12,3,1,
IN_TRNTAIL,RECDT,datetime,8,23,3,1,
IN_TRNTAIL,TISS,decimal,9,12,3,1,
IN_TRNTAIL,opflg,char,1,0,0,0,
IN_TRNTAIL,irno,decimal,5,6,0,1,
IN_TRNTAIL,irdate,datetime,8,23,3,1,
IN_TRNTAIL,remarks,varchar,100,0,0,1,
IN_TRNTAIL,PARTNO,varchar,12,0,0,1,
IN_TRNTAIL,DIS_PER,numeric,5,5,2,1,
IN_TRNTAIL,DIS_AMT,numeric,9,15,2,1,
IN_TRNTAIL,PACK1_PER,numeric,5,5,2,1,
IN_TRNTAIL,PACK1_AMT,numeric,9,15,2,1,
IN_TRNTAIL,INS1_PER,numeric,5,5,2,1,
IN_TRNTAIL,INS1_AMT,numeric,9,15,2,1,
IN_TRNTAIL,BED_PER,numeric,5,5,2,1,
IN_TRNTAIL,BED_AMT,numeric,9,15,2,1,
IN_TRNTAIL,AED_PER,numeric,5,5,2,1,
IN_TRNTAIL,AED_AMT,numeric,9,15,2,1,
IN_TRNTAIL,EDUCESS_PER,numeric,5,5,2,1,
IN_TRNTAIL,EDUCESS_AMT,numeric,9,15,2,1,
IN_TRNTAIL,FRT1_PER,numeric,5,5,2,1,
IN_TRNTAIL,FRT1_AMT,numeric,9,15,2,1,
IN_TRNTAIL,TAX_PER,numeric,5,5,2,1,
IN_TRNTAIL,TAX_AMT,numeric,9,15,2,1,
IN_TRNTAIL,SC_PER,numeric,5,5,2,1,
IN_TRNTAIL,SC_AMT,numeric,9,15,2,1,
IN_TRNTAIL,ADSC_PER,numeric,5,5,2,1,
IN_TRNTAIL,ADSC_AMT,numeric,9,15,2,1,
IN_TRNTAIL,FRT2_PER,numeric,5,5,2,1,
IN_TRNTAIL,FRT2_AMT,numeric,9,15,2,1,
IN_TRNTAIL,PACK2_PER,numeric,5,5,2,1,
IN_TRNTAIL,PACK2_AMT,numeric,9,15,2,1,
IN_TRNTAIL,INS2_PER,numeric,5,5,2,1,
IN_TRNTAIL,INS2_AMT,numeric,9,15,2,1,
IN_TRNTAIL,OTHCHGS,numeric,9,15,2,1,
IN_TRNTAIL,TOTVALUE,numeric,9,15,2,1,
IN_TRNTAIL,BILLNO,varchar,30,0,0,1,
IN_TRNTAIL,BILLDT,datetime,8,23,3,1,
IN_TRNTAIL,CESS_PER,numeric,5,5,2,1,
IN_TRNTAIL,CESS_AMT,numeric,9,15,2,1,
IN_TRNTAIL,ROFF,numeric,5,9,2,1,
IN_TRNTAIL,Sqno,numeric,5,5,0,1,
IN_TRNTAIL,PACK_FLG,varchar,1,0,0,1,
IN_TRNTAIL,FRT_FLG,varchar,1,0,0,1,
IN_TRNTAIL,EXC_FLG,varchar,1,0,0,1,
IN_TRNTAIL,Ins_Flg,varchar,1,0,0,1,
IN_TRNTAIL,PORDSNO,numeric,5,5,0,1,
IN_TRNTAIL,VALUEWOWEIGH,numeric,9,15,2,1,
IN_TRNTAIL,Return_Qty,numeric,9,15,3,1,
IN_TRNTAIL,MIBNO,numeric,5,5,0,1,
IN_TRNTAIL,MIBDATE,datetime,8,23,3,1,
IN_TRNTAIL,MIBDESFLG,char,1,0,0,1,
IN_TRNTAIL,RECFLG,char,1,0,0,1,
IN_TRNTAIL,TYear,numeric,5,5,0,0,
IN_TRNTAIL,RecTc,numeric,5,5,0,1,
IN_TRNTAIL,rejcode,varchar,3,0,0,1,
IN_TRNTAIL,POQTY,numeric,5,6,0,1,
IN_TRNTAIL,ValueWithTax,decimal,9,15,2,1,
IN_TRNTAIL,itctax,decimal,9,15,2,1,
IN_TRNTAIL,itcsc,decimal,9,15,2,1,
IN_TRNTAIL,TAX_CODE,varchar,3,0,0,1,
IN_TRNTAIL,Hscess_per,numeric,5,5,2,1,
IN_TRNTAIL,Hscess_Amt,numeric,9,15,2,1,
IN_TRNTAIL,Scope,varchar,2,0,0,1,
IN_TRNTAIL,IndentNo,numeric,5,6,0,1,
IN_TRNTAIL,IndentDt,datetime,8,23,3,1,
IN_TRNTAIL,IndentUnit,varchar,2,0,0,1,
IN_TRNTAIL,IndentSno,numeric,5,6,0,1,
IN_TRNTAIL,VCat,varchar,2,0,0,1,
IN_TRNTAIL,Cess_flg,varchar,1,0,0,1,
IN_TRNTAIL,disflg,char,1,0,0,1,
IN_TRNTAIL,balvalue,numeric,9,15,2,1,
IN_TRNTAIL,recdocsno,numeric,5,5,0,1,
IN_TRNTAIL,DEPCODE,varchar,3,0,0,1,
IN_TRNTAIL,debitdiscamt,numeric,9,15,3,1,
IN_TRNTAIL,TEMP_QUANTITY,numeric,9,15,3,1,
IN_TRNTAIL,TEMP_value,numeric,9,15,2,1,
IN_TRNTAIL,issRet_flg,varchar,1,0,0,1,
IN_TRNTAIL,posno,numeric,5,5,0,1,
IN_TRNTAIL,DebitAmt,numeric,9,12,2,1,
IN_TRNTAIL,ATax_Code,varchar,3,0,0,1,
IN_TRNTAIL,ATax_per,numeric,5,5,2,1,
IN_TRNTAIL,ATax_Amt,numeric,9,15,2,1,
IN_TRNTAIL,strflg,char,1,0,0,1,
IN_TRNTAIL,gTaxEdit_Flg,char,1,0,0,1,
IN_TRNTAIL,CRFLG,char,1,0,0,1,
IN_TRNTAIL,SampleFlg,char,1,0,0,1,
IN_TRNTAIL,CapGoodsFlg,varchar,1,0,0,1,
IN_TRNTAIL,FOCFlg,varchar,2,0,0,1,
IN_TRNTAIL,SizeQty,numeric,9,15,3,1,
IN_TRNTAIL,taxadj_amt,numeric,9,15,2,1,
IN_TRNTAIL,TStkQty,decimal,9,12,3,1,
IN_TRNTAIL,TStkRate,decimal,9,15,5,1,
IN_TRNTAIL,TStk_Value,decimal,9,15,2,1,
IN_TRNTAIL,IssueValue,decimal,9,15,2,1,
IN_TRNTAIL,crdate,datetime,8,23,3,1,
IN_TRNTAIL,hsncode,varchar,8,0,0,1,
IN_TRNTAIL,cgstper,numeric,5,5,2,1,
IN_TRNTAIL,cgstamt,numeric,9,10,2,1,
IN_TRNTAIL,sgstper,numeric,5,5,2,1,
IN_TRNTAIL,sgstamt,numeric,9,10,2,1,
IN_TRNTAIL,igstper,numeric,5,5,2,1,
IN_TRNTAIL,igstamt,numeric,9,10,2,1,
IN_TRNTAIL,cgst_tax_code,varchar,10,0,0,1,
IN_TRNTAIL,sgst_tax_code,varchar,10,0,0,1,
IN_TRNTAIL,igst_tax_code,varchar,10,0,0,1,
IN_TRNTAIL,taxadjamt,numeric,9,15,3,1,
IN_TRNTAIL,iaWEIGHT,numeric,9,15,3,1,
IN_TRNTAIL,deletereason,varchar,25,0,0,1,
IN_TRNTAIL,tcs_per,numeric,9,15,4,1,
IN_TRNTAIL,tcs_amt,numeric,9,15,2,1,
IN_TRNTAIL,scrapretqty,numeric,9,15,2,1,
IN_TRNTAIL,scrapretflg,varchar,5,0,0,1,
IN_TRNTAIL,reccategory,varchar,5,0,0,1,
IN_TRNTAIL,issuereason,varchar,70,0,0,1,
IN_TRNTAIL,issueaction,varchar,70,0,0,1,
IN_TRNTAIL,Rdebit_roff,numeric,9,15,2,1,
IN_TRNTAIL,Rdebit_Assvalue,numeric,9,15,2,1,
IN_TRNTAIL,Rdebit_cgstamt,numeric,9,15,2,1,
IN_TRNTAIL,Rdebit_sgstamt,numeric,9,15,2,1,
IN_TRNTAIL,Rdebit_igstamt,numeric,9,15,2,1,
mm_macmas,DIVCODE,varchar,2,0,0,0,
mm_macmas,DEPCODE,varchar,3,0,0,0,
mm_macmas,MAC_NO,varchar,5,0,0,0,
mm_macmas,DESCRIPTION,varchar,30,0,0,1,
mm_macmas,MODEL,varchar,20,0,0,1,
mm_macmas,MAC_CODE,varchar,5,0,0,0,
mm_macmas,ADEPCODE,varchar,2,0,0,1,
mm_macmas,CATCODE,varchar,2,0,0,1,
mm_macmas,SUBCATCODE,varchar,2,0,0,1,
mm_macmas,ASSETSNO,numeric,5,3,0,1,
mm_macmas,TOTCOST,numeric,9,12,2,1,
mm_macmas,ST_INS_FLG,char,1,0,0,0,
mm_macmas,ST_DUE_DT,datetime,8,23,3,1,
mm_macmas,MAC_HRRATE,numeric,5,8,2,1,
mm_macmas,INSTALL_DT,datetime,8,23,3,1,
mm_macmas,mac_refno,varchar,20,0,0,1,
mm_macmas,MACFLAG,char,1,0,0,0,
mm_macmas,temp,varchar,5,0,0,1,
mm_macmas,imagepath,varchar,200,0,0,1,
mm_macmas,MacLength,numeric,5,8,3,1,
mm_macmas,macWidth,numeric,5,8,3,1,
mm_macmas,MacAirReq,numeric,5,7,2,1,
mm_macmas,MacMotorKw,numeric,5,7,2,1,
mm_macmas,Mac_ManuFactDate,varchar,6,0,0,1,
mm_macmas,PartyCode,varchar,7,0,0,1,
mm_macmas,mac_modifyDetails,varchar,100,0,0,1,
mm_macmas,MacMake,varchar,25,0,0,1,
mm_macmas,MacSerialNo,varchar,20,0,0,1,
mm_macmas,UnitCode,varchar,2,0,0,0,
mm_macmas,Cable_Specification,varchar,20,0,0,1,
mm_macmas,ElecroValves,varchar,100,0,0,1,
mm_macmas,salesflag,char,2,0,0,1,
PO_DOC_PARA,TC,varchar,20,0,0,0,PK
PO_DOC_PARA,STDOCNO,decimal,5,6,0,1,
PO_ENQL,divcode,varchar,2,0,0,0,PK
PO_ENQL,enqno,numeric,5,6,0,0,PK
PO_ENQL,enqdt,datetime,8,23,3,0,PK
PO_ENQL,enqsno,numeric,5,5,0,0,PK
PO_ENQL,prno,numeric,5,6,0,1,
PO_ENQL,prdate,datetime,8,23,3,1,
PO_ENQL,prsno,numeric,5,5,0,1,
PO_ENQL,itemcode,varchar,10,0,0,1,
PO_ENQL,qtyreqd,numeric,9,12,3,1,
PO_ENQL,reqddt,datetime,8,23,3,1,
PO_ENQL,estatus,char,1,0,0,1,
PO_ENQL,MAKPARTNO,varchar,20,0,0,1,
PO_ENQL,remarks,varchar,20,0,0,1,
PO_ORDH,DIVCODE,varchar,2,0,0,0,PK
PO_ORDH,PORDNO,numeric,5,6,0,0,PK
PO_ORDH,PORDDT,datetime,8,23,3,0,PK
PO_ORDH,POGRP,varchar,2,0,0,0,PK
PO_ORDH,SLCODE,varchar,7,0,0,1,
PO_ORDH,QUOTNO,varchar,15,0,0,1,
PO_ORDH,QUOTDT,datetime,8,23,3,1,
PO_ORDH,ORDVAL,numeric,9,15,2,1,
PO_ORDH,ADV_PER,numeric,5,6,2,1,
PO_ORDH,ADV_AMT,numeric,9,15,2,1,
PO_ORDH,FRTFLG,char,1,0,0,1,
PO_ORDH,BANK_CODE,varchar,6,0,0,1,
PO_ORDH,PAYMENT,varchar,1,0,0,1,
PO_ORDH,FREIGHT,numeric,9,15,2,1,
PO_ORDH,DISPER,numeric,5,5,2,1,
PO_ORDH,TAXPER,numeric,5,5,2,1,
PO_ORDH,EXDPER,numeric,5,5,2,1,
PO_ORDH,SEDPER,numeric,5,5,2,1,
PO_ORDH,PCKPER,numeric,5,5,2,1,
PO_ORDH,INSPER,numeric,5,5,2,1,
PO_ORDH,SURPER,numeric,5,5,2,1,
PO_ORDH,MODVAT,numeric,5,5,2,1,
PO_ORDH,PAYTERMS,varchar,100,0,0,1,
PO_ORDH,CARCODE,varchar,4,0,0,1,
PO_ORDH,DEL_INS1,varchar,40,0,0,1,
PO_ORDH,DEL_INS2,varchar,100,0,0,1,
PO_ORDH,SPL_INS,varchar,100,0,0,1,
PO_ORDH,ORDSTATUS,char,1,0,0,1,
PO_ORDH,AMDORDNO,varchar,15,0,0,1,
PO_ORDH,AMDORDDT,datetime,8,23,3,1,
PO_ORDH,REFORDNO,varchar,15,0,0,1,
PO_ORDH,REFORDDT,datetime,8,23,3,1,
PO_ORDH,CANFLG,char,1,0,0,1,
PO_ORDH,CANDT,datetime,8,23,3,1,
PO_ORDH,CRDDAYS,numeric,5,3,0,1,
PO_ORDH,REMINDER,varchar,30,0,0,1,
PO_ORDH,REASON,varchar,80,0,0,1,
PO_ORDH,REMARKS,varchar,60,0,0,1,
PO_ORDH,SAMPLED,char,1,0,0,1,
PO_ORDH,OCTROIPER,numeric,5,5,2,1,
PO_ORDH,APPBY,varchar,25,0,0,1,
PO_ORDH,APPROVED,char,1,0,0,1,
PO_ORDH,INSPECT,char,1,0,0,1,
PO_ORDH,FILENO,varchar,15,0,0,1,
PO_ORDH,DELTXT,varchar,15,0,0,1,
PO_ORDH,BLCODE,varchar,2,0,0,1,
PO_ORDH,GLCODE,varchar,10,0,0,1,
PO_ORDH,GLHEAD,varchar,20,0,0,1,
PO_ORDH,discount,varchar,28,0,0,1,
PO_ORDH,tax,varchar,28,0,0,1,
PO_ORDH,BEd,varchar,28,0,0,1,
PO_ORDH,pack,varchar,28,0,0,1,
PO_ORDH,refno,varchar,100,0,0,1,
PO_ORDH,attn,varchar,100,0,0,1,
PO_ORDH,pack_charge,varchar,1,0,0,1,
PO_ORDH,EDUCESSPER,numeric,5,5,2,1,
PO_ORDH,EDUCESSAMT,numeric,9,15,2,1,
PO_ORDH,roff,numeric,5,5,2,1,
PO_ORDH,PACK_FLG,varchar,1,0,0,1,
PO_ORDH,FRT_FLG,varchar,1,0,0,1,
PO_ORDH,EXC_FLG,varchar,1,0,0,1,
PO_ORDH,Ins_Flg,varchar,1,0,0,1,
PO_ORDH,TAX_CODE,varchar,3,0,0,1,
PO_ORDH,duedate,datetime,8,23,3,1,
PO_ORDH,chqno,varchar,20,0,0,1,
PO_ORDH,chqdt,datetime,8,23,3,1,
PO_ORDH,Cess_Flg,varchar,1,0,0,1,
PO_ORDH,Cessper,numeric,5,5,2,1,
PO_ORDH,HsCessper,numeric,5,5,2,1,
PO_ORDH,DIRECT_INS,varchar,100,0,0,1,
PO_ORDH,PUTYPE,varchar,5,0,0,1,
PO_ORDH,CFORM,varchar,1,0,0,1,
PO_ORDH,FORMH,varchar,1,0,0,1,
PO_ORDH,FORM17,varchar,1,0,0,1,
PO_ORDH,CFORMREF,varchar,15,0,0,1,
PO_ORDH,FORMHREF,varchar,15,0,0,1,
PO_ORDH,FORM17REF,varchar,15,0,0,1,
PO_ORDH,disflg,char,1,0,0,1,
PO_ORDH,alert_raised,varchar,1,0,0,1,
PO_ORDH,FORM_TYPE,varchar,5,0,0,1,
PO_ORDH,CurrCode,varchar,3,0,0,1,
PO_ORDH,FCurRate,numeric,9,10,2,1,
PO_ORDH,Note,varchar,200,0,0,1,
PO_ORDH,conflg,char,1,0,0,1,
PO_ORDH,User_Id,varchar,5,0,0,1,
PO_ORDH,note2,varchar,200,0,0,1,
PO_ORDH,Billadd,varchar,10,0,0,1,
PO_ORDH,CancelCode,varchar,2,0,0,1,
PO_ORDH,ADDTAXPER,numeric,5,5,2,1,
PO_ORDH,ADDTAXAMT,numeric,9,15,2,1,
PO_ORDH,ADDTAX_CODE,varchar,5,0,0,1,
PO_ORDH,Ins_Amt,numeric,9,10,2,1,
PO_ORDH,Pack_Amt,numeric,9,10,2,1,
PO_ORDH,RefDate,datetime,8,23,3,1,
PO_ORDH,PoIToAC,char,1,0,0,1,
PO_ORDH,FCloseddt,datetime,8,23,3,1,
PO_ORDH,RemarksPF,varchar,30,0,0,1,
PO_ORDH,RemarksIns,varchar,30,0,0,1,
PO_ORDH,RemarksFrt,varchar,30,0,0,1,
PO_ORDH,PriceTerm,varchar,10,0,0,1,
PO_ORDH,FCACharg,numeric,5,9,2,1,
PO_ORDH,Pay_Code,varchar,5,0,0,1,
PO_ORDH,PrePrintFlg,varchar,1,0,0,1,
PO_ORDH,PrePrintUserID,varchar,10,0,0,1,
PO_ORDH,PrePrintDate,datetime,8,23,3,1,
PO_ORDH,aPPPrintFlg,varchar,1,0,0,1,
PO_ORDH,aPPPrintUserID,varchar,10,0,0,1,
PO_ORDH,appPrintDate,datetime,8,23,3,1,
PO_ORDH,Reminderflag,char,1,0,0,1,
PO_ORDH,Appip,varchar,25,0,0,1,
PO_ORDH,Appdate,datetime,8,23,3,1,
PO_ORDH,Appuserid,varchar,10,0,0,1,
PO_ORDH,postponedt,datetime,8,23,3,1,
PO_ORDH,closed_qty,varchar,20,0,0,1,
PO_ORDH,Io_qty,numeric,5,9,3,1,
PO_ORDH,FirstlevelApp,char,1,0,0,1,
PO_ORDH,FirstlevlAppDate,datetime,8,23,3,1,
PO_ORDH,FirstlevlAppUserID,varchar,20,0,0,1,
PO_ORDH,Firstlevelpostponedt,datetime,8,23,3,1,
PO_ORDH,CGSTAMT,numeric,9,15,2,1,
PO_ORDH,SGSTAMT,numeric,9,15,2,1,
PO_ORDH,IGSTAMT,numeric,9,15,2,1,
PO_ORDH,cust_gststcode,varchar,2,0,0,1,
PO_ORDH,cust_gstinno,varchar,15,0,0,1,
PO_ORDH,secondlevelappdate,datetime,8,23,3,1,
PO_ORDH,thirdlevelappdate,datetime,8,23,3,1,
PO_ORDH,rcm,char,1,0,0,1,
PO_ORDH,SecondLevelapp,varchar,5,0,0,1,
PO_ORDH,SecondLevelAppUserId,varchar,20,0,0,1,
PO_ORDH,SecondLevelPostPoneDt,datetime,8,23,3,1,
PO_ORDH,createdby,varchar,50,0,0,1,
PO_ORDH,createddt,datetime,8,23,3,1,
PO_ORDH,htcs_amt,numeric,9,15,2,1,
PO_ORDH,ThirdLevelAppUserId,varchar,20,0,0,1,
PO_ORDH,FourthLevelAppUserId,varchar,20,0,0,1,
PO_ORDH,FourthLevelAppDate,datetime,8,23,3,1,
PO_ORDH,thirdlevelapp,varchar,10,0,0,1,
PO_ORDH,fourthlevelapp,varchar,10,0,0,1,
PO_ORDH,advpaymenttype,varchar,10,0,0,1,
PO_ORDH,Mailsendingflg,varchar,2,0,0,1,
PO_ORDL,DIVCODE,varchar,2,0,0,0,PK
PO_ORDL,PORDNO,numeric,5,6,0,0,PK
PO_ORDL,PORDDT,datetime,8,23,3,0,PK
PO_ORDL,POGRP,varchar,2,0,0,0,PK
PO_ORDL,PORDSNO,numeric,5,5,0,0,PK
PO_ORDL,PRNO,numeric,5,6,0,1,
PO_ORDL,PRDATE,datetime,8,23,3,1,
PO_ORDL,PRSNO,numeric,5,5,0,1,
PO_ORDL,ITEMCODE,varchar,10,0,0,1,
PO_ORDL,RATE,decimal,9,15,4,1,
PO_ORDL,ORDQTY,numeric,9,12,3,1,
PO_ORDL,ORDVAL,numeric,9,15,2,1,
PO_ORDL,RCVDQTY,numeric,9,12,3,1,
PO_ORDL,CANQTY,numeric,9,12,3,1,
PO_ORDL,TAXPER,numeric,5,5,2,1,
PO_ORDL,TAXAMT,numeric,9,15,2,1,
PO_ORDL,EXDPER,numeric,5,5,2,1,
PO_ORDL,SEDPER,numeric,5,5,2,1,
PO_ORDL,SURPER,numeric,5,5,2,1,
PO_ORDL,DISPER,numeric,5,5,2,1,
PO_ORDL,DISAMT,numeric,9,15,2,1,
PO_ORDL,EXCAMT,numeric,9,15,2,1,
PO_ORDL,MODVAT,numeric,9,15,2,1,
PO_ORDL,STATUS,char,1,0,0,1,
PO_ORDL,PACKPER,numeric,5,5,2,1,
PO_ORDL,UNIT,varchar,3,0,0,1,
PO_ORDL,OTHCHGS,numeric,9,15,2,1,
PO_ORDL,REMARKS,varchar,200,0,0,1,
PO_ORDL,WEIGHT,numeric,9,12,3,1,
PO_ORDL,quotno,numeric,5,6,0,1,
PO_ORDL,quotdt,datetime,8,23,3,1,
PO_ORDL,OCTROIPER,numeric,5,5,2,1,
PO_ORDL,EDINCL,numeric,5,9,2,1,
PO_ORDL,EDTYPE,char,1,0,0,1,
PO_ORDL,MAKPARTNO,varchar,20,0,0,1,
PO_ORDL,BLCODE,varchar,2,0,0,1,
PO_ORDL,CESS_PER,numeric,5,5,2,1,
PO_ORDL,CESS_AMT,numeric,9,15,2,1,
PO_ORDL,CCCODE,numeric,5,5,0,1,
PO_ORDL,PACKAMT,numeric,9,11,3,1,
PO_ORDL,SURAMT,numeric,9,11,2,1,
PO_ORDL,attn,varchar,50,0,0,1,
PO_ORDL,ITEMMEMO,varchar,500,0,0,1,
PO_ORDL,educessper,decimal,5,5,2,1,
PO_ORDL,AEDAMT,numeric,9,15,2,1,
PO_ORDL,TAX_CODE,varchar,5,0,0,1,
PO_ORDL,ADSC_PER,numeric,5,5,2,1,
PO_ORDL,ADSC_AMT,numeric,9,15,2,1,
PO_ORDL,INS_PER,numeric,5,5,2,1,
PO_ORDL,INS_AMT,numeric,9,15,2,1,
PO_ORDL,LANDCOST,numeric,9,15,2,1,
PO_ORDL,EDUCESSAMT,numeric,9,15,2,1,
PO_ORDL,FRGT1PER,numeric,5,5,2,1,
PO_ORDL,FRGT1AMT,numeric,9,15,2,1,
PO_ORDL,Hscess_per,numeric,5,5,2,1,
PO_ORDL,Hscess_Amt,numeric,9,15,2,1,
PO_ORDL,PACK_FLG,varchar,1,0,0,1,
PO_ORDL,FRT_FLG,varchar,1,0,0,1,
PO_ORDL,EXC_FLG,varchar,1,0,0,1,
PO_ORDL,Ins_Flg,varchar,1,0,0,1,
PO_ORDL,Cess_Flg,varchar,1,0,0,1,
PO_ORDL,DISFLG,varchar,1,0,0,1,
PO_ORDL,FRT2_PER,numeric,5,5,2,1,
PO_ORDL,FRT2_AMT,numeric,9,15,2,1,
PO_ORDL,PACK2_PER,numeric,5,5,2,1,
PO_ORDL,PACK2_AMT,numeric,9,15,2,1,
PO_ORDL,INS2_PER,numeric,5,5,2,1,
PO_ORDL,INS2_AMT,numeric,9,15,2,1,
PO_ORDL,roff,numeric,5,5,2,1,
PO_ORDL,vcat,varchar,2,0,0,1,
PO_ORDL,DepCode,varchar,3,0,0,1,
PO_ORDL,FRate,numeric,9,15,2,1,
PO_ORDL,FValue,numeric,9,15,2,1,
PO_ORDL,ADDTAXPER,numeric,5,5,2,1,
PO_ORDL,ADDTAXAMT,numeric,9,15,2,1,
PO_ORDL,ADDTAX_CODE,varchar,5,0,0,1,
PO_ORDL,SubCost,numeric,5,5,0,1,
PO_ORDL,AO_AppFlg,char,1,0,0,1,
PO_ORDL,EO_AppFlg,char,1,0,0,1,
PO_ORDL,VAT_Claim,char,1,0,0,1,
PO_ORDL,Excise_claim,char,1,0,0,1,
PO_ORDL,LCANFLG,char,1,0,0,1,
PO_ORDL,LCancelCode,varchar,4,0,0,1,
PO_ORDL,LCANDT,datetime,8,23,3,1,
PO_ORDL,FCloseddt,datetime,8,23,3,1,
PO_ORDL,AmedReason,varchar,30,0,0,1,
PO_ORDL,Pay_GuaranteeRmk,varchar,200,0,0,1,
PO_ORDL,FCACharg,numeric,5,9,2,1,
PO_ORDL,onlineremarks,varchar,20,0,0,1,
PO_ORDL,Closed_Qty,numeric,9,15,3,1,
PO_ORDL,Io_qty,numeric,5,9,2,1,
PO_ORDL,Fclosed,char,1,0,0,1,
PO_ORDL,cgstper,numeric,5,5,2,1,
PO_ORDL,cgstamt,numeric,9,10,2,1,
PO_ORDL,sgstper,numeric,5,5,2,1,
PO_ORDL,sgstamt,numeric,9,10,2,1,
PO_ORDL,igstper,numeric,5,5,2,1,
PO_ORDL,igstamt,numeric,9,10,2,1,
PO_ORDL,hsncode,varchar,8,0,0,1,
PO_ORDL,cgst_tax_code,varchar,5,0,0,1,
PO_ORDL,sgst_tax_code,varchar,5,0,0,1,
PO_ORDL,igst_tax_code,varchar,5,0,0,1,
PO_ORDL,deletereason,varchar,25,0,0,1,
PO_ORDL,tcs_per,decimal,9,15,4,1,
PO_ORDL,tcs_amt,decimal,9,15,2,1,
PO_PARA,STSUPL,varchar,2,0,0,1,
PO_PARA,POFORMNO,varchar,10,0,0,1,
PO_PARA,AppUserLevel2,numeric,5,5,0,1,
PO_PARA,AppUserLevel3,numeric,5,5,0,1,
PO_PARA,AppUserLabel1,varchar,35,0,0,1,
PO_PARA,AppUserLabel2,varchar,35,0,0,1,
PO_PARA,AppUserLabel3,varchar,35,0,0,1,
PO_PARA,Adv_PayType,varchar,1,0,0,1,
PO_PARA,divcode,varchar,2,0,0,1,
PO_PARA,APPUSERLEVEL1,numeric,5,5,0,1,
PO_PARA,RoundOff,numeric,5,5,2,1,
PO_PARA,BudGrp,char,1,0,0,1,
PO_PARA,CurrCode,varchar,3,0,0,1,
PO_PARA,ManIndNo,char,1,0,0,1,
PO_PARA,Po_Confirm,char,1,0,0,1,
PO_PARA,Manual_IndNo,char,1,0,0,1,
PO_PARA,PoAppUserLevel1,numeric,5,5,0,1,
PO_PARA,PoAppUserLevel2,numeric,5,5,0,1,
PO_PARA,PoAppUserLabel1,varchar,35,0,0,1,
PO_PARA,PoAppUserLabel2,varchar,35,0,0,1,
PO_PARA,PoAppAmount,numeric,5,5,2,1,
PO_PARA,Delivery,numeric,5,5,0,1,
PO_PARA,Quality,numeric,5,5,0,1,
PO_PARA,penalty,numeric,5,5,0,1,
PO_PARA,Pr_ILevel,char,1,0,0,1,
PO_PARA,Pr_FLevel,char,1,0,0,1,
PO_PARA,AmdafterGRN,char,1,0,0,1,
PO_PARA,BudgetQty,char,1,0,0,1,
PO_PARA,Supp_Item_Tax_Link,char,1,0,0,1,
PO_PARA,EO_USERID,varchar,5,0,0,1,
PO_PARA,AO_USERID,varchar,5,0,0,1,
PO_PARA,PoRatePer,numeric,5,5,2,1,
PO_PARA,PoQtyPer,numeric,5,5,2,1,
PO_PARA,Rodepcode,varchar,3,0,0,1,
PO_PARA,InditemGrp,char,1,0,0,1,
PO_PARA,BudgetControl,char,1,0,0,1,
PO_PARA,AutoMailCC,varchar,50,0,0,1,
PO_PARA,AutoMailflg,char,1,0,0,1,
PO_PARA,GRNAutoSMSflg,char,1,0,0,1,
PO_PARA,EmpMasterComm,char,1,0,0,1,
PO_PARA,PRSMSSendFlg,char,1,0,0,1,
PO_PARA,PRSMSStatusFlg,char,1,0,0,1,
PO_PARA,POSMSSendFlg,char,1,0,0,1,
PO_PARA,POSMSStatusFlg,char,1,0,0,1,
PO_PARA,PRSMSCatCode,numeric,5,5,0,1,
PO_PARA,POSMSCatCode,numeric,5,5,0,1,
PO_PARA,PoFirstLevelApp,char,1,0,0,1,
PO_PARA,pomannual,varchar,1,0,0,1,
PO_PARA,PORATEVALIDATION,char,1,0,0,1,
PO_PARA,pofinalApplimit,decimal,9,18,2,1,
PO_PARA,pofinalAppflg,char,1,0,0,1,
PO_PARA,purtypeflg,varchar,5,0,0,1,
PO_PARA,pendingorderpara,varchar,5,0,0,1,
PO_PARA,finalapprovalpending,varchar,5,0,0,1,
PO_PARA,webreportlink,varchar,100,0,0,1,
PO_PARA,PDFExportFlag,char,1,0,0,1,
PO_PARA,PoFinallevelApp,varchar,10,0,0,1,
PO_PARA,pendrfq,varchar,10,0,0,1,
PO_PARA,Penpodetails,varchar,10,0,0,1,
PO_PARA,poprintapp,char,2,0,0,1,
PO_PARA,PRapprovalstatus,varchar,5,0,0,1,
PO_PARA,POapprovalstatus,varchar,5,0,0,1,
PO_PARA,SPOapprovalstatus,varchar,5,0,0,1,
PO_PRH,divcode,varchar,2,0,0,0,PK
PO_PRH,prno,numeric,5,6,0,0,PK
PO_PRH,prdate,datetime,8,23,3,0,PK
PO_PRH,depcode,varchar,3,0,0,1,
PO_PRH,refno,varchar,20,0,0,1,
PO_PRH,planno,numeric,5,6,0,1,
PO_PRH,plandt,datetime,8,23,3,1,
PO_PRH,APPFLG,char,1,0,0,1,
PO_PRH,ITYPE,char,1,0,0,1,
PO_PRH,SECTION,varchar,20,0,0,1,
PO_PRH,PLACEOFISS,varchar,30,0,0,1,
PO_PRH,APP2,varchar,10,0,0,1,
PO_PRH,APP3,varchar,10,0,0,1,
PO_PRH,APP1DATE,datetime,8,23,3,1,
PO_PRH,APP2DATE,datetime,8,23,3,1,
PO_PRH,APP3DATE,datetime,8,23,3,1,
PO_PRH,APP1TIME,datetime,8,23,3,1,
PO_PRH,APP2TIME,datetime,8,23,3,1,
PO_PRH,APP3TIME,datetime,8,23,3,1,
PO_PRH,APP1,varchar,10,0,0,1,
PO_PRH,REQNAME,varchar,10,0,0,1,
PO_PRH,cancelflag,char,1,0,0,1,
PO_PRH,canceldt,datetime,8,23,3,1,
PO_PRH,canreason,varchar,250,0,0,1,
PO_PRH,amendno,numeric,5,5,0,1,
PO_PRH,scopecode,varchar,2,0,0,1,
PO_PRH,alert_raised,varchar,1,0,0,1,
PO_PRH,userId,varchar,50,0,0,1,
PO_PRH,SubCost,numeric,5,5,0,1,
PO_PRH,budgetBALAMT,numeric,9,18,2,1,
PO_PRH,PO_GRP,varchar,5,0,0,1,
PO_PRH,saleorderno,varchar,25,0,0,1,
PO_PRH,Saleorderdt,datetime,8,23,3,1,
PO_PRH,saletype,varchar,5,0,0,1,
PO_PRH,thirlevelapp,varchar,10,0,0,1,
PO_PRH,createdby,varchar,50,0,0,1,
PO_PRH,createddt,varchar,25,0,0,1,
PO_PRL,divcode,varchar,2,0,0,0,PK
PO_PRL,prno,numeric,5,6,0,0,PK
PO_PRL,prdate,datetime,8,23,3,0,PK
PO_PRL,prsno,numeric,5,5,0,0,PK
PO_PRL,itemcode,varchar,10,0,0,0,
PO_PRL,macno,varchar,5,0,0,1,
PO_PRL,qtyind,numeric,9,12,3,1,
PO_PRL,qtyreqd,numeric,9,12,3,1,
PO_PRL,qtyord,numeric,9,12,3,1,
PO_PRL,qtyrec,numeric,9,12,3,1,
PO_PRL,reqddate,datetime,8,23,3,1,
PO_PRL,prstatus,char,1,0,0,1,
PO_PRL,remarks,varchar,50,0,0,1,
PO_PRL,pend_flag,char,1,0,0,1,
PO_PRL,slcode,varchar,6,0,0,1,
PO_PRL,CCCODE,numeric,5,4,0,1,
PO_PRL,CATCODE,varchar,1,0,0,1,
PO_PRL,REMARK1,varchar,25,0,0,1,
PO_PRL,RATE,numeric,9,13,4,1,
PO_PRL,VALUE,numeric,9,13,2,1,
PO_PRL,pino,decimal,5,6,0,1,
PO_PRL,pidate,datetime,8,23,3,1,
PO_PRL,MAKPARTNO,varchar,20,0,0,1,
PO_PRL,PLACE,varchar,40,0,0,1,
PO_PRL,APPCOST,numeric,9,11,2,1,
PO_PRL,BGRPCODE,varchar,4,0,0,1,
PO_PRL,BLCODE,varchar,5,0,0,1,
PO_PRL,ITEMMEMO,varchar,200,0,0,1,
PO_PRL,Enq_Qty,numeric,9,15,3,1,
PO_PRL,AUPFLAG,varchar,1,0,0,1,
PO_PRL,curstock,numeric,9,12,3,1,
PO_PRL,LPO_RATE,numeric,9,13,4,1,
PO_PRL,LPO_DATE,datetime,8,23,3,1,
PO_PRL,PUR_FROM,varchar,8,0,0,1,
PO_PRL,AmdFlg,char,1,0,0,1,
PO_PRL,DirectApp,char,1,0,0,1,
PO_PRL,DirectAppDate,datetime,8,23,3,1,
PO_PRL,Depcode,varchar,3,0,0,1,
PO_PRL,FirstApp,char,1,0,0,1,
PO_PRL,SecondApp,char,1,0,0,1,
PO_PRL,ThirdApp,char,1,0,0,1,
PO_PRL,FirstAppQty,numeric,9,12,3,1,
PO_PRL,SecondAppQty,numeric,9,12,3,1,
PO_PRL,ThirdAppQty,numeric,9,12,3,1,
PO_PRL,AppQty1,numeric,9,12,3,1,
PO_PRL,AppQty2,numeric,9,12,3,1,
PO_PRL,AppQty3,numeric,9,12,3,1,
PO_PRL,AppQty4,numeric,9,12,3,1,
PO_PRL,FirstappUser,varchar,35,0,0,1,
PO_PRL,SecondAppUser,varchar,35,0,0,1,
PO_PRL,ThirdAppUser,varchar,35,0,0,1,
PO_PRL,FinalAppUser,varchar,35,0,0,1,
PO_PRL,FinalLevel_Remarks,varchar,20,0,0,1,
PO_PRL,FinalAppQty,numeric,9,12,3,1,
PO_PRL,Sample,char,1,0,0,1,
PO_PRL,SubCost,numeric,5,5,0,1,
PO_PRL,FClosed,char,1,0,0,1,
PO_PRL,FCloseddt,datetime,8,23,3,1,
PO_PRL,BeforeFinalLevelApp,char,1,0,0,1,
PO_PRL,BeforeFinalLevelAppDate,datetime,8,23,3,1,
PO_PRL,BeforeFinalLevelAppUserID,varchar,20,0,0,1,
PO_PRL,deletereason,varchar,100,0,0,1,
po_txndelreason,Delcode,varchar,15,0,0,1,
po_txndelreason,Delreason,varchar,150,0,0,1,
po_txndelreason,active,varchar,5,0,0,1,
PO_TYPE,TYPE_CODE,varchar,2,0,0,0,PK
PO_TYPE,TYPNAME,varchar,40,0,0,0,
PO_TYPE,CapGoodsFlg,varchar,1,0,0,1,
PO_TYPE,active,varchar,5,0,0,1,
PP_DIVMAS,DIVCODE,varchar,2,0,0,0,PK
PP_DIVMAS,DIVNAME,varchar,50,0,0,0,
PP_DIVMAS,ABBR,varchar,25,0,0,1,
PP_DIVMAS,ADD1,varchar,60,0,0,1,
PP_DIVMAS,ADD2,varchar,60,0,0,1,
PP_DIVMAS,ADD3,varchar,60,0,0,1,
PP_DIVMAS,CITY,varchar,25,0,0,1,
PP_DIVMAS,PINCODE,varchar,15,0,0,1,
PP_DIVMAS,ZIP,varchar,10,0,0,1,
PP_DIVMAS,PHONE1,varchar,30,0,0,1,
PP_DIVMAS,PHONE2,varchar,30,0,0,1,
PP_DIVMAS,PHONE3,varchar,30,0,0,1,
PP_DIVMAS,GRAMS,varchar,15,0,0,1,
PP_DIVMAS,TELEX,varchar,15,0,0,1,
PP_DIVMAS,FAX,varchar,20,0,0,1,
PP_DIVMAS,EMAIL,varchar,40,0,0,1,
PP_DIVMAS,WEBADDR,varchar,35,0,0,1,
PP_DIVMAS,STARTMONTH,decimal,5,2,0,1,
PP_DIVMAS,VATNO,varchar,15,0,0,1,
PP_DIVMAS,VATDT,datetime,8,23,3,1,
PP_DIVMAS,TNGST,varchar,30,0,0,1,
PP_DIVMAS,TNGSTDT,datetime,8,23,3,1,
PP_DIVMAS,CGSTDT,datetime,8,23,3,1,
PP_DIVMAS,CGST,varchar,30,0,0,1,
PP_DIVMAS,EXCODE,varchar,25,0,0,1,
PP_DIVMAS,compcode,varchar,2,0,0,0,
PP_DIVMAS,divtype,char,1,0,0,0,
PP_DIVMAS,SERVER_ALIAS,varchar,30,0,0,1,
PP_DIVMAS,DATABASE_NAME,varchar,30,0,0,1,
PP_DIVMAS,DB_USERID,varchar,30,0,0,1,
PP_DIVMAS,DB_PASSWORD,varchar,30,0,0,1,
PP_DIVMAS,RC_NO,varchar,25,0,0,1,
PP_DIVMAS,RANGE,varchar,50,0,0,1,
PP_DIVMAS,RANGE_ADDR1,varchar,50,0,0,1,
PP_DIVMAS,RANGE_ADDR2,varchar,50,0,0,1,
PP_DIVMAS,RANGE_ADDR3,varchar,50,0,0,1,
PP_DIVMAS,DIVISION,varchar,50,0,0,1,
PP_DIVMAS,DIVISION_ADDR1,varchar,50,0,0,1,
PP_DIVMAS,DIVISION_ADDR2,varchar,50,0,0,1,
PP_DIVMAS,DIVISION_ADDR3,varchar,50,0,0,1,
PP_DIVMAS,COLLECTORATE,varchar,25,0,0,1,
PP_DIVMAS,CE_CODE,varchar,25,0,0,1,
PP_DIVMAS,MFG_CODE,varchar,25,0,0,1,
PP_DIVMAS,MFGRS_CODE,varchar,25,0,0,1,
PP_DIVMAS,WAREHOUSE,varchar,50,0,0,1,
PP_DIVMAS,STATE_CODE,varchar,10,0,0,1,
PP_DIVMAS,IE_CODE,varchar,25,0,0,1,
PP_DIVMAS,RBI_CODE,varchar,25,0,0,1,
PP_DIVMAS,BRANCH_AREA,varchar,50,0,0,1,
PP_DIVMAS,SPINDLES,numeric,5,8,0,1,
PP_DIVMAS,RANGE_CODE,varchar,15,0,0,1,
PP_DIVMAS,DIVISION_CODE,varchar,15,0,0,1,
PP_DIVMAS,COMM_CODE,varchar,15,0,0,1,
PP_DIVMAS,BANK_CODE,varchar,15,0,0,1,
PP_DIVMAS,STATENAME,varchar,25,0,0,1,
PP_DIVMAS,PAN,varchar,20,0,0,1,
PP_DIVMAS,TINNO,varchar,20,0,0,1,
PP_DIVMAS,ecc,varchar,20,0,0,1,
PP_DIVMAS,hpincode,varchar,15,0,0,1,
PP_DIVMAS,hcity,varchar,15,0,0,1,
PP_DIVMAS,pt_store,varchar,2,0,0,1,
PP_DIVMAS,pt_broker,varchar,2,0,0,1,
PP_DIVMAS,pt_lsales,varchar,2,0,0,1,
PP_DIVMAS,pt_export,varchar,2,0,0,1,
PP_DIVMAS,pt_cotton,varchar,2,0,0,1,
PP_DIVMAS,UNIT_NAME,varchar,20,0,0,1,
PP_DIVMAS,CUST_ID,varchar,10,0,0,1,
PP_DIVMAS,HODivname,varchar,60,0,0,1,
PP_DIVMAS,HOADD1,varchar,60,0,0,1,
PP_DIVMAS,HOADD2,varchar,60,0,0,1,
PP_DIVMAS,HOADD3,varchar,60,0,0,1,
PP_DIVMAS,HOCity,varchar,60,0,0,1,
PP_DIVMAS,HOState,varchar,60,0,0,1,
PP_DIVMAS,HOCountry,varchar,60,0,0,1,
PP_DIVMAS,HOPin,varchar,15,0,0,1,
PP_DIVMAS,HOFax,varchar,20,0,0,1,
PP_DIVMAS,HOEmail,varchar,40,0,0,1,
PP_DIVMAS,HOPhone,varchar,30,0,0,1,
PP_DIVMAS,SUB_TITLE,varchar,50,0,0,1,
PP_DIVMAS,DIV_PRINTNAME,varchar,40,0,0,1,
PP_DIVMAS,DIV_UNITNAME,varchar,30,0,0,1,
PP_DIVMAS,TAN,varchar,10,0,0,1,
PP_DIVMAS,tdsSTdCode,varchar,5,0,0,1,
PP_DIVMAS,tdsPhoneNo,varchar,10,0,0,1,
PP_DIVMAS,YarnInvPrefix,varchar,5,0,0,1,
PP_DIVMAS,CXSNo,varchar,25,0,0,1,
PP_DIVMAS,CE_ABBR,varchar,20,0,0,1,
PP_DIVMAS,CE_DivName,varchar,100,0,0,1,
PP_DIVMAS,MRS_ITEM_SELECTION,varchar,5,0,0,1,
PP_DIVMAS,LokupTimerEnable,char,1,0,0,1,
PP_DIVMAS,DIV_LOGO,image,16,0,0,1,
PP_DIVMAS,HOEmail2,varchar,20,0,0,1,
PP_DIVMAS,LIC_DIVNAME,varchar,2000,0,0,1,
PP_DIVMAS,LIC_Version,varchar,1000,0,0,1,
PP_DIVMAS,DM_Date,datetime,8,23,3,1,
PP_DIVMAS,Pur_email,varchar,40,0,0,1,
PP_DIVMAS,MARK_MAIL,varchar,40,0,0,1,
PP_DIVMAS,Div_Prefix,varchar,10,0,0,1,
PP_DIVMAS,Location_Code,varchar,10,0,0,1,
PP_DIVMAS,hocellno,varchar,15,0,0,1,
PP_DIVMAS,ISO_Logo,image,16,0,0,1,
PP_DIVMAS,CE_CITY,varchar,50,0,0,1,
PP_DIVMAS,AutoMailFromID,varchar,40,0,0,1,
PP_DIVMAS,AutoMailFromIDPwd,varchar,20,0,0,1,
PP_DIVMAS,smtpserver,varchar,100,0,0,1,
PP_DIVMAS,smtpport,numeric,5,5,0,1,
PP_DIVMAS,mark_mailpwd,varchar,50,0,0,1,
PP_DIVMAS,pur_emailpasswd,varchar,50,0,0,1,
PP_DIVMAS,country,varchar,50,0,0,1,
PP_DIVMAS,cinno,varchar,30,0,0,1,
PP_DIVMAS,SCRRES_CHANGE,char,1,0,0,1,
PP_DIVMAS,CUST_ID1,varchar,6,0,0,1,
PP_DIVMAS,RTGSDivname,varchar,100,0,0,1,
PP_DIVMAS,gststatecode,varchar,2,0,0,1,
PP_DIVMAS,gstinno,varchar,15,0,0,1,
PP_DIVMAS,bank_code1,varchar,15,0,0,1,
PP_DIVMAS,exportref,varchar,12,0,0,1,
PP_DIVMAS,CIN_NO,varchar,25,0,0,1,
PP_DIVMAS,RMPur_Email,varchar,20,0,0,1,
PP_DIVMAS,EinvoiceFlg,char,1,0,0,1,
PP_DIVMAS,Einvoice_flg,char,1,0,0,1,
PP_DIVMAS,EMAIL1,varchar,100,0,0,1,
PP_DIVMAS,EInvPrefix,char,2,0,0,1,
PP_DIVMAS,password_policy_flag,varchar,10,0,0,1,
PP_DIVMAS,yarnmailid,varchar,25,0,0,1,
PP_DIVMAS,GroupMillID,varchar,5,0,0,1,
PP_PASSWD,divcode,varchar,2,0,0,0,PK
PP_PASSWD,user_id,varchar,5,0,0,0,PK
PP_PASSWD,alevel,decimal,5,3,0,0,PK
PP_PASSWD,password,varchar,10,0,0,1,
PP_PASSWD,user_name,varchar,35,0,0,1,
PP_PASSWD,module,numeric,5,2,0,0,PK
PP_PASSWD,PENTRY_LOCK,char,1,0,0,1,
PP_PASSWD,LOCK_DAYS,numeric,5,3,0,1,
PP_PASSWD,idleminutes,numeric,5,9,0,1,
PP_PASSWD,idletimeflg,numeric,5,9,0,1,
PP_PASSWD,idletimerflg,numeric,5,9,0,1,
PP_PASSWD,activeflg,char,1,0,0,1,
PR_DESIG,desigcode,varchar,3,0,0,0,
PR_DESIG,desigdesc,varchar,30,0,0,0,
PR_DESIG,divcode,varchar,2,0,0,1,
PR_DESIG,Grade,varchar,2,0,0,1,
PR_DESIG,GDesc,varchar,30,0,0,1,
PR_EMP,divcode,varchar,2,0,0,0,
PR_EMP,empno,decimal,5,5,0,0,
PR_EMP,wcat,varchar,2,0,0,1,
PR_EMP,depcode,varchar,3,0,0,1,
PR_EMP,ename,varchar,30,0,0,0,
PR_EMP,fhname,varchar,30,0,0,1,
PR_EMP,ticketno,varchar,15,0,0,1,
PR_EMP,dob,datetime,8,23,3,1,
PR_EMP,doj,datetime,8,23,3,1,
PR_EMP,dor,datetime,8,23,3,1,
PR_EMP,sex,char,1,0,0,1,
PR_EMP,shift,char,1,0,0,1,
PR_EMP,pfflg,char,1,0,0,1,
PR_EMP,pfno,varchar,20,0,0,1,
PR_EMP,pfrate,decimal,5,6,4,1,
PR_EMP,erpfrate,decimal,5,6,4,1,
PR_EMP,esiflg,char,1,0,0,1,
PR_EMP,esino,varchar,15,0,0,1,
PR_EMP,esiloc,varchar,30,0,0,1,
PR_EMP,bonelig,char,1,0,0,1,
PR_EMP,bankaccno,varchar,20,0,0,1,
PR_EMP,weekoff,decimal,5,1,0,1,
PR_EMP,fpfno,decimal,5,6,0,1,
PR_EMP,unionflg,char,1,0,0,1,
PR_EMP,desigcode,varchar,3,0,0,1,
PR_EMP,paymode,decimal,5,1,0,1,
PR_EMP,loc_os,char,1,0,0,1,
PR_EMP,citycode,decimal,5,4,0,1,
PR_EMP,grpcode,varchar,2,0,0,1,
PR_EMP,DAELIG,char,1,0,0,1,
PR_EMP,PRV_DAYS,decimal,5,4,2,1,
PR_EMP,UNIONCODE,varchar,3,0,0,1,
PR_EMP,NFHELIG,char,1,0,0,1,
PR_EMP,RATEFLG,char,1,0,0,1,
PR_EMP,SHIFT_0,bit,1,1,0,1,
PR_EMP,SHIFT_1,bit,1,1,0,1,
PR_EMP,SHIFT_2,bit,1,1,0,1,
PR_EMP,SHIFT_3,bit,1,1,0,1,
PR_EMP,BLOOD_GROUP,varchar,2,0,0,1,
PR_EMP,EMP_IMAGE,image,16,0,0,1,
PR_EMP,ADD1,varchar,50,0,0,1,
PR_EMP,ADD2,varchar,50,0,0,1,
PR_EMP,ADD3,varchar,50,0,0,1,
PR_EMP,VCODE,varchar,3,0,0,1,
PR_EMP,PHONE,varchar,20,0,0,1,
PR_EMP,QUALI,varchar,20,0,0,1,
PR_EMP,ELEFT,varchar,1,0,0,1,
PR_EMP,EMPRCODE,varchar,10,0,0,1,
PR_EMP,CCODE,varchar,3,0,0,1,
PR_EMP,RFLEFT,varchar,50,0,0,1,
PR_EMP,PFDATE,datetime,8,23,3,1,
PR_EMP,WKCAT,varchar,2,0,0,1,
PR_EMP,sta_shift,char,2,0,0,1,
PR_EMP,nodays,numeric,5,5,0,1,
PR_EMP,schemedate,datetime,8,23,3,1,
PR_EMP,INCENFLG,char,1,0,0,1,
PR_EMP,empimage,image,16,0,0,1,
PR_EMP,BrName,varchar,30,0,0,1,
PR_EMP,imagepath,varchar,90,0,0,1,
PR_EMP,schcode,varchar,2,0,0,1,
PR_EMP,AGEFLG,varchar,1,0,0,1,
PR_EMP,DOCFLG,varchar,1,0,0,1,
PR_EMP,phone1,varchar,20,0,0,1,
PR_EMP,CITY,varchar,30,0,0,1,
PR_EMP,PINCODE,numeric,9,10,0,1,
PR_EMP,schamt,numeric,9,18,2,1,
PR_EMP,hostelflag,varchar,1,0,0,1,
PR_EMP,tc,char,1,0,0,1,
PR_EMP,Rcard,char,1,0,0,1,
PR_EMP,shiftchangeday,decimal,9,18,0,1,
PR_EMP,Pensionflg,char,1,0,0,1,
PR_EMP,HOSTEL_ELIG,char,1,0,0,1,
PR_EMP,ProdBasedSalary,char,1,0,0,1,
PR_EMP,PFEffDate,datetime,8,23,3,1,
PR_EMP,ESIEffDate,datetime,8,23,3,1,
PR_EMP,Shift_Batch,char,1,0,0,1,
PR_EMP,monthlyshiftchange,varchar,2,0,0,1,
PR_EMP,RejoinDt,datetime,8,23,3,1,
PR_EMP,PAN,varchar,10,0,0,1,
PR_EMP,RefEmpNo,decimal,5,5,0,1,
PR_EMP,RefOther,varchar,20,0,0,1,
PR_EMP,TAdd1,varchar,100,0,0,1,
PR_EMP,TAdd2,varchar,100,0,0,1,
PR_EMP,TAdd3,varchar,100,0,0,1,
PR_EMP,TVcode,varchar,3,0,0,1,
PR_EMP,TPinCode,numeric,9,10,0,1,
PR_EMP,ContPerName,varchar,25,0,0,1,
PR_EMP,ContPerPh,varchar,15,0,0,1,
PR_EMP,TCity,varchar,20,0,0,1,
PR_EMP,Active,char,1,0,0,1,
PR_EMP,OwnVehicle,char,1,0,0,1,
PR_EMP,VisibleId1,varchar,50,0,0,1,
PR_EMP,VisibleId2,varchar,50,0,0,1,
PR_EMP,HOBBIES,varchar,50,0,0,1,
PR_EMP,RelCd,varchar,2,0,0,1,
PR_EMP,ComCd,varchar,2,0,0,1,
PR_EMP,PostApplied,varchar,30,0,0,1,
PR_EMP,MarUnMar,char,1,0,0,1,
PR_EMP,DateofMar,datetime,8,23,3,1,
PR_EMP,OwnRentHouse,char,1,0,0,1,
PR_EMP,MonthlyRent,decimal,9,10,0,1,
PR_EMP,MonthlyIncome,decimal,9,10,0,1,
PR_EMP,VehicleNo,varchar,15,0,0,1,
PR_EMP,Licence,char,1,0,0,1,
PR_EMP,Height,decimal,5,6,2,1,
PR_EMP,Weight,decimal,5,6,2,1,
PR_EMP,QualiCode,varchar,2,0,0,1,
PR_EMP,EsiCode,varchar,2,0,0,1,
PR_EMP,Cityname,varchar,1,0,0,1,
PR_EMP,Gcode,varchar,2,0,0,1,
PR_EMP,Unitcode,varchar,2,0,0,1,
PR_EMP,InsuranceFlg,char,1,0,0,1,
PR_EMP,StoreSubsidyFlg,char,1,0,0,1,
PR_EMP,Insfperiod,varchar,6,0,0,1,
PR_EMP,Instperiod,varchar,6,0,0,1,
PR_EMP,InsPreMonth,datetime,8,23,3,1,
PR_EMP,EContriEligible,char,1,0,0,1,
PR_EMP,BLCODE,varchar,3,0,0,1,
PR_EMP,EmailID,varchar,30,0,0,1,
PR_EMP,BANK_CODE,varchar,5,0,0,1,
PR_EMP,AgeProof_flg,char,1,0,0,1,
PR_EMP,AP_CertNo,varchar,20,0,0,1,
PR_EMP,AP_CertDT,datetime,8,23,3,1,
PR_EMP,AP_CertTokenRef,varchar,20,0,0,1,
PR_EMP,Permanent_flg,char,1,0,0,1,
PR_EMP,Permanent_Dt,datetime,8,23,3,1,
PR_EMP,Service480days_flg,char,1,0,0,1,
PR_EMP,Service480days_Dt,datetime,8,23,3,1,
PR_EMP,SeronSimilarWork,numeric,5,5,0,1,
PR_EMP,JOBCODE,varchar,2,0,0,1,
PR_EMP,SCODE,varchar,2,0,0,1,
PR_EMP,EXPERIENCE,decimal,9,18,0,1,
PR_EMP,STATION,char,1,0,0,1,
PR_EMP,PER_ADD1,varchar,100,0,0,1,
PR_EMP,PER_ADD2,varchar,100,0,0,1,
PR_EMP,PER_ADD3,varchar,100,0,0,1,
PR_EMP,CON_ADD1,varchar,100,0,0,1,
PR_EMP,CON_ADD2,varchar,100,0,0,1,
PR_EMP,CON_ADD3,varchar,100,0,0,1,
PR_EMP,MOTRAN,char,1,0,0,1,
PR_EMP,BSAL,decimal,9,18,0,1,
PR_EMP,Mac_Ticketno,varchar,10,0,0,1,
PR_EMP,HostalFlg,char,1,0,0,1,
PR_EMP,PLCLFLg,char,1,0,0,1,
PR_EMP,vpf_flg,char,1,0,0,1,
PR_EMP,CCCODE,varchar,5,0,0,1,
